标题,时间,sentiment
申万宏源：AI的“iPhone 4”时刻已出现 硬件和应用主题行情正当时,2025-03-11,0.9584988010440947
专访全国人大代表、清华大学田轩：逐步提升IPO节奏、强化退市引导 打造股市“健康牛”生态,2025-03-11,0.9999641327331251
银河证券：A股市场迎来结构性估值重塑机会,2025-03-11,0.9898692259184715
北京商报：A股稳定发展既要长钱也要短钱,2025-03-11,0.210073570054496
十大券商看后市｜A股风险偏好或持续回升 科技成长仍是主线,2025-03-10,0.9900148844088179
华泰证券：短期视角对港股不宜悲观 中长期仍坚定看好中国资产重估行情演绎,2025-03-10,0.9991117547331525
中信建投策略陈果：关注景气与价格改善方向,2025-03-10,0.9946097041253713
北京商报侃股：大比例现金分红提升A股韧性,2025-03-10,0.2913622995299876
皮海洲：以平常心看待A股融资余额再次突破1.9万亿,2025-03-10,0.9984436171450154
全国政协委员、国泰君安国际董事会主席阎峰：当前是全球投资者增配中国资产黄金窗口,2025-03-10,0.9977470634409232
申万宏源：科技强市场才强 全面支持科技创新成为各部委共识,2025-03-09,0.9989078255118984
兴业证券：20张图精析本轮港股行情 南下资金或是本轮做多港股的主力资金,2025-03-09,0.9954052705539462
华金证券：三月延续震荡偏强 建议均衡配置科技和顺周期等行业,2025-03-09,0.9998942793585875
海通策略：近期外资正阶段性回流中国市场 以短线灵活型为主,2025-03-09,0.9941594746391605
国盛证券：AI Agent时代算力消耗陡增 看好算力基建机遇,2025-03-09,0.9897704948005585
鹏华闫思倩：我们正经历从平凡到非凡 机器人是新的国之重器,2025-03-08,0.9974464723933787
全国人大代表、河南证监局局长牛雪峰：建议强化数据归集共享 健全上市公司异常线索发现机制,2025-03-08,0.9557794449103157
全国政协委员、申万宏源证券研究所首席经济学家杨成长：五方面完善配套措施 推动中长期资金入市,2025-03-08,0.9999437968924929
瑞银：预计今年沪深300指数成分股每股盈利增长6% 指数升幅或将更高,2025-03-07,0.993560214651128
北京商报侃股：上市公司易主也是一种优化升级,2025-03-07,0.8193312844398465
关于未来投资机会 千亿私募景林发声,2025-03-07,0.9997443430322351
高盛五大宏观情景模拟：当前局面最有利中国股票？,2025-03-06,0.9995632008242253
中信证券：预计市场信心修复将从科技领域逐步扩散到经济领域,2025-03-06,0.9999633771077951
李大霄：多项利好消息释放 或推动股市持续走好,2025-03-06,0.9971502403772292
中信建投：夯实“重估牛”基础 科技主线更加明晰,2025-03-06,0.9816537632589771
北京商报侃股：围绕主业的并购重组是大趋势,2025-03-06,0.2593072123899459
中金公司：A股市场已过重山 底部大概率已经出现,2025-03-06,0.030392526639330897
长城证券汪毅：看好中国资产与黄金的投资机会,2025-03-06,0.9929738686268988
中金公司：A股全年市场整体表现有望好于2013年,2025-03-05,0.8362685548676436
北京商报侃股：绩优股的安全边际在调整期更为突出,2025-03-05,0.3961821935656641
杨德龙：当前人形机器人板块总体市值仍较小 未来增长空间巨大,2025-03-05,0.99613158232815
机构策略：“两会”的政策预期或能给予A股较好支撑,2025-03-04,0.9509406726156201
中金公司：“固收+港股”策略正当其时,2025-03-04,0.7581190186681821
北京商报侃股：估值提升计划要让股民有获得感,2025-03-04,0.8167764936572658
杨德龙：这轮科技牛行情有深刻逻辑 坚定信念才能把握机会,2025-03-04,0.9999804684014708
华尔街展望美股前景：防御将成主流 过往赢家被抛弃,2025-03-03,0.9935623732349983
银河证券：A股市场有望呈现出震荡上行特征,2025-03-03,0.9989408527239275
华泰证券A股策略：以低位景气改善品种应对扰动,2025-03-03,0.9193330653052914
中信建投：外部扰动稳定之后 春季行情依然有望继续,2025-03-03,0.9959468051068768
中金公司：短期AH价差仍有收窄空间 港股上涨弹性有望好于A股,2025-03-03,0.06592908505473027
七位公募首席前瞻两会：内需驱动可持续增长 科技与消费或成投资主线,2025-03-03,0.9987373056730627
摩根士丹利中国首席经济学家邢自强：科创信心回暖 中国资产迎重估潮,2025-03-03,0.9905772721032404
融通基金李进：聚焦“人工智能+”投资机会,2025-03-03,0.944967716769618
信达证券：指数向上突破的迹象出现 逐渐开启牛市第二波上涨,2025-03-02,0.9241842867044283
兴业证券：如何看近期科技板块的调整以及市场风格变化？,2025-03-02,0.9385879009998352
国金证券：“波动率”再起、成长分化 增长型红利价值凸显,2025-03-02,0.9989629266859594
中泰证券：本轮科技行情是否会复刻2015年科技牛市？,2025-03-02,0.9953998404150051
华安证券：本轮成长科技行情基本结束 行业机会重回轮动,2025-03-02,0.9987634184752269
华金证券：春季行情未完 进入后半段 科技仍是主线,2025-03-02,0.9907211528073359
长城证券：科技引领“中国资产”价值重估进度加快,2025-03-02,0.9174705380313297
申万宏源：短期顺势调整 中期趋势不改,2025-03-02,0.7230592126968404
中原证券：A股宽幅震荡 建议投资者把握结构性机会,2025-03-02,0.9895411176851163
光大证券：积极把握春季行情 关注科技成长及消费两条主线,2025-03-02,0.9996673981413106
光大证券：C919步入快速交付期 国产大飞机万亿赛道崛起,2025-03-02,0.9957616443054268
国泰君安证券：“转型牛”主线 科技创新引领资本市场新周期,2025-03-01,0.9999880763029922
桂浩明：为什么外资投行争相调高中国股票评级？,2025-03-01,0.8844539253560783
证券日报：A股公司估值提升计划呈现三大亮点,2025-03-01,0.866130157164279
中信建投：关注两会政策 科技仍有望是主线,2025-02-28,0.9971789928825484
险资机构2025年资产配置策略：债券仍是首选 对A股市场持乐观态度,2025-02-28,0.999996559765796
东吴证券：目前市场风格可能仍以成长类+制造类为主,2025-02-27,0.9993529601258462
北京商报侃股：IPO排队数量下降说明A股更成熟,2025-02-27,0.14504621410920926
摩根资产管理杜猛：中国科技价值重估或刚开始,2025-02-26,0.8787877957504846
皮海洲：督促长期破净公司早日出台估值提升计划,2025-02-26,0.130963168151652
北京商报侃股：部分机构投资者追涨杀跌有失专业性,2025-02-26,0.7221258421313039
北京商报侃股：A股高成交量有多重利好效应,2025-02-24,0.25853833083921185
皮海洲：外资机构唱多中国股市 A股上涨何以小心翼翼,2025-02-24,0.3560209647864734
光大证券：积极把握春季行情 关注科技及消费两条主线,2025-02-24,0.9926655145642834
桂浩明：不乏连续大涨的品种 香港“红底股”因何光彩夺目,2025-02-22,0.8309348001460194
国泰君安：支撑“转型牛”的一个条件两大逻辑,2025-02-22,0.9898496219910774
非ST公司一元退市机制优化与投资者权益保护路径探析,2025-02-22,0.9633380104887688
中信证券：A股盈利仍处于底部阶段 三条线索追踪结构亮点,2025-02-21,0.9741353914626302
汇添富稳健收益部基金经理胡奕：当前“红利+”仍具备投资价值,2025-02-20,0.807883534593607
杨德龙：2025年A股和港股投资机会有望增多,2025-02-19,0.670255542121509
杨德龙：A股和港股将迎来牛市第二波行情,2025-02-18,0.8866521387432404
华泰证券：科技引领下中国资产重估有望迈入新阶段,2025-02-18,0.8275332089614781
北京商报侃股：大型银行股持续走强是大势所趋,2025-02-18,0.19095481635493294
北京商报侃股：港股持续走强利好A股估值抬升,2025-02-17,0.2964346375435858
十大券商看后市｜A股当前仍处春季躁动 积极把握做多窗口期,2025-02-17,0.5914923918528271
华泰证券：科技成长板块后续仍有热点扩散、内部高低切换的机会,2025-02-17,0.9559990546268433
中金公司：部分有望受益于AI应用的行业当前估值性价比更高,2025-02-17,0.9944379021147595
中金：谁是港股本轮上涨买入的主力？,2025-02-16,0.30728991775283365
杨德龙：外资机构积极看多做多中国股票 牛市第二波行情初具雏形,2025-02-15,0.9967243966172281
中金公司：DeepSeek崛起叠加美元流动性趋松 触发中美资产重估,2025-02-14,0.9575995965966541
富国银行：预计标普500指数年底可能达到6600点,2025-02-14,0.307709947472641
杨德龙：蛇年开年股市小步慢走 有望酝酿牛市第二波行情,2025-02-14,0.9984686666373896
熊锦秋：从四方面进一步完善上市公司回购规则,2025-02-14,0.8498294808934775
中信证券：积极把握AI板块近期回调带来的投资机会,2025-02-13,0.992956665426363
华泰证券：三大维度筛选供给侧反转机会,2025-02-12,0.10997157466038865
外资轮番唱多做多中国股票 高盛预计MSCI中国指数今年将上涨14%,2025-02-12,0.9518348012413103
汇丰：DeepSeek提振信心 AI板块有望成一季度A股热点,2025-02-11,0.22138682113724173
杨德龙：外资投行纷纷看多中国股票 后市有望量价齐升,2025-02-11,0.9717542853312213
北京商报侃股：投资者如何应对量化+AI,2025-02-10,0.9950834922974396
中信建投策略陈果：跨年行情正如期展开 留意结构交易过热,2025-02-10,0.9965239332422192
华金证券：短期继续聚焦科技成长 关注大金融和部分消费等行业,2025-02-09,0.9998976235695303
中信建投：市场迎来阶段性反弹 春季躁动行情值得期待,2025-02-08,0.9871012054277883
桂浩明：从战略投资角度看中长期资金入市,2025-02-08,0.9992713212962407
又一外资唱多中国！美银：美股全球主导地位衰落 建议做多中国股票,2025-02-08,0.9995959145717133
民生证券：科技龙头股创新高背后隐藏泡沫风险,2025-02-07,0.8119011184101326
北京商报侃股：压岁钱买沪深300ETF或是不错选择,2025-02-07,0.9577193306356568
中信建投：建议积极把握AI应用、机器人、新兴消费等快速成长方向,2025-02-06,0.9990995460044382
中信证券：市场风格有望实现由极致高波向低波的转换,2025-02-06,0.9919625269582613
北京商报侃股：科技股的投资价值不能只看业绩,2025-02-06,0.8749360032431358
玄元投资杨夏：今年可能先涨流动性后涨基本面 关注三大投资机会,2025-02-06,0.9991680054249477
皮海洲：中长期资金入市利好白马蓝筹股,2025-02-05,0.9760681271144679
国金证券：重视“春季躁动” 偏向中小盘科技成长,2025-02-05,0.9872642024883179
万家基金莫海波：成长类资产估值修复空间更大,2025-02-05,0.9980019048182124
重阳投资董事长王庆：A股价值底已经非常坚实,2025-02-05,0.997834264787521
华安合鑫董事长袁巍：“高股东回报”特质股票配置价值凸显,2025-02-05,0.9999791006200754
华创证券董广阳：蛇年消费板块行情大概率好过去年,2025-02-02,0.574130214332403
施罗德基金安昀：中国市场估值有吸引力 关注三类投资机会,2025-02-02,0.9990278793896366
预见金蛇｜施罗德基金安昀：科技和消费将成为2025年市场主要驱动力,2025-02-02,0.9369088646571326
首席展望丨中信建投陈果：蛇年A股有望趋势向上 AI+是配置主线,2025-02-01,0.995670180885921
申万宏源王胜：汇率或是蛇年A股市场的核心变量,2025-01-31,0.8435444388621118
贝莱德神玉飞：市场仍将保持成长风格 关注两大政策主线,2025-01-31,0.9995173854255563
方正证券：前瞻布局的头部车企2025年有望尽享海外红利,2025-01-30,0.19819047252760102
摩根士丹利徐然：看好银行板块 高收益股息率标的是首选,2025-01-29,0.7526495961016448
摩根资产管理杜猛：A股优质公司或有“戴维斯双击”机会 主动管理大有可为,2025-01-29,0.8198550806824142
中金：预计2025年海内外科技厂商AIDC投建狂潮延续,2025-01-27,0.730415381083893
华宝基金钟奇：寻找景气度高成长性好行业,2025-01-27,0.9982216414174043
海通策略：春季行情有望徐徐展开，市场步入基本面驱动新阶段,2025-01-26,0.9999956525236022
国金证券：AI数据中心发展驱动核电复兴 模块化小堆迎来新机遇,2025-01-24,0.8920187430362597
银河证券：中长期资金入市加快 看好公用事业配置价值,2025-01-24,0.955628736296326
李大霄：解决中长期资金入市的痛点堵点 中国股市有希望了！,2025-01-23,0.9966919258362389
全球最大主权财富基金CEO建议：卖美国科技股、买中国资产,2025-01-23,0.9850376268277479
外资公募展望中国市场：股市韧性足债市稳健性高,2025-01-23,0.9984057817107457
摩根大通CEO：美股资产价格有点虚高,2025-01-23,0.8138568072867485
复盘2024 展望2025！中欧基金周蔚文、葛兰、蓝小康、刘伟伟四季报最新观点出炉,2025-01-22,0.9298542698860517
“价值派”基金经理姜诚：对长期判断更加乐观,2025-01-21,0.9411549871174287
国金证券：“春季躁动”行情或进入全面加速期 结构上重视“科技牛”,2025-01-21,0.9505642060698558
国泰君安：市场有望逐步企稳 关注前期表现、估值与景气的行业,2025-01-21,0.9999332416021356
十大券商看后市：A股春季攻势或将提前 审慎参与超短线情绪博弈,2025-01-20,0.9528497426078858
中信建投：继续积极布局 回调就是良机,2025-01-20,0.8266981528468542
国海富兰克林基金徐成：港股仍有较大估值修复空间,2025-01-20,0.9419848434456978
中信建投：AI眼镜成本曲线大幅下探 2025年有望成为其爆发元年,2025-01-19,0.8782177456075311
贝莱德重磅发声：A股市场2025年有更多投资机会,2025-01-18,0.997139948457779
外资巨头展望2025年中国市场：看好宏观经济韧性 股债行情均可期,2025-01-18,0.9323791850666037
北京商报侃股：频繁买卖是散户收益不佳的主要原因,2025-01-17,0.397399125487913
险资如何看2025年A股？提高权益投资比例？最新调查来了,2025-01-15,0.8174498125061097
瑞银证券中国策略分析师孟磊：A股有利于“耐心资本”投入 看好科技板块,2025-01-14,0.9999780341350817
海通期货李井伟：对稳住楼市股市的几点思考,2025-01-14,0.9974044060129639
华泰证券：春节后资金面有望迎来改善窗口期 关注机器人等概念,2025-01-13,0.8735298105513519
西部利得基金杜朋哲：消费红利策略适合当下市场,2025-01-13,0.998932359331131
太平基金张子权：政策市场双重支持 红利资产价值凸显,2025-01-13,0.9958873866946608
海通策略：历史上春季行情年年有 2025年春季行情或正孕育中,2025-01-12,0.9999572773015147
桂浩明：个人养老金很难成为A股市场的重要资金来源,2025-01-11,0.9480649397471614
贺宛男：央企和国企的并购交易距做优做强还有距离,2025-01-11,0.9750959693045638
中国银河证券：2025年维持“哑铃型”配置策略 重点关注AI应用,2025-01-09,0.9992522632220966
北京商报侃股：“A字杀”的股票多数偏投机,2025-01-07,0.6068190662487793
中信证券：2025年垄断型红利的可持续兑现能力更强,2025-01-07,0.9830388333842448
皮海洲：把严打编造传播股市谣言行为落到实处,2025-01-07,0.9961972913088221
鑫元基金李彪：消费、新质生产力将是投资主线,2025-01-07,0.9302479427857758
郭施亮：尽快落实散户允许T+0 机构实施T+1,2025-01-06,0.17288468590094497
段永平重回浙大畅谈投资：不怕错过机会 最重要是不踩雷 黄峥不是一个趋利的人,2025-01-06,0.9606590349655424
十大券商看后市：短期回调是布局机会 春节前股指有望企稳,2025-01-06,0.9017655099168512
中信建投：中期牛市不变 短期回调是机遇,2025-01-06,0.9927651742649588
中泰证券：当前时点可逢低布局低位央国企+硬科技产业链,2025-01-06,0.09440172595669971
天风证券：如何看待A股开年调整？,2025-01-06,0.23564800455737345
超六成私募看多2025年市场 科技与内需板块受青睐,2025-01-06,0.9996146280471988
华泰证券：中国PFA市场有望较快放量 预计潜在规模超百亿元,2025-01-05,0.3823751565464011
杨德龙：A股开年的调整并不会改变全年上行趋势,2025-01-04,0.2296187828137055
华泰证券：互换便利机制灵活调整 有望为资本市场持续带来“活水”,2025-01-04,0.9915117867787546
去年12月份私募机构合计调研逾1600次 半导体行业成热点,2025-01-04,0.9930359824253225
证券时报头条评论：引导上市公司破产重整形成多赢局面,2025-01-03,0.822586697125198
莫泰山：有理由期待2025年A股延续温和上涨 权益资产将更具性价比,2025-01-02,0.9702787416014358
景林“内部信”曝光：积极寻找中国经济再增长过程中受益的企业,2025-01-02,0.9999573132649283
千亿私募最新发声：2025年关注这个选股“金标准”、看好这些方向,2025-01-02,0.9947678382932373
中信建投：关注潜在政策发力受益方向 AI+是中期产业主线,2025-01-02,0.9998747795798195
兴业证券张忆东：2025年A股或将迎来主升浪行情 把握两大投资主线,2025-01-02,0.9692650729534539
宝盈基金杨思亮：把握三大发展机遇 消费将成投资主线,2025-01-02,0.9993651859655625
信达澳亚基金：盈利和估值修复共振 科技为“矛”红利做“盾”,2025-01-02,0.6149404049413106
嘉实基金：保持耐心和信心 关注先进制造红利资产,2025-01-02,0.9997096537249489
北京商报侃股：银行股领涨的市场意义,2025-01-01,0.19299905449505117
华泰策略：A股或进入存量博弈窗口期,2025-01-01,0.32512791791423545
皮海洲：央行报告抓住了中国股市退市环节的要害问题,2025-01-01,0.9481904040149627
中信建投：市场整体预计仍以震荡为主 风格预计逐步回归业绩大票,2024-12-31,0.9924005647106166
开源证券：红利资产占优背后的驱动因素与未来展望,2024-12-30,0.9979906984004062
华金证券：明年1月A股或延续震荡偏强 中小盘成长占优,2024-12-30,0.9961122848690945
中信建投：明年一季度有望适时降准降息 预计市场将在明年初延续中枢震荡上行趋势,2024-12-30,0.9998875484137517
皮海洲：“退市名单”何以让A股市场谈虎色变,2024-12-30,0.880348089833343
海通策略：2025年A股全年净增量资金或达2万亿元,2024-12-29,0.7086608240647121
桂浩明：稳住股市背后蕴含着三重含义,2024-12-28,0.9844797274153678
应健中：2025年是股市投资大年,2024-12-28,0.9778610931343921
银河证券：2025年A股市场有望呈现出螺旋式震荡上行特征,2024-12-27,0.9998712555315119
中信证券：低利率环境下红利资产仍有配置空间,2024-12-26,0.9966960191214079
中信建投：小盘和贝塔风格拥挤 零售赛道拥挤提升,2024-12-26,0.9945356666617491
华泰证券：退市新规落地或加速市场“新陈代谢”,2024-12-26,0.9851287711706878
杨德龙：2025年A股和港股有望延续牛市走势,2024-12-26,0.9584916061423024
皮海洲：夯实“看门人”责任 对保荐机构的惩处不能挠痒痒,2024-12-25,0.16564959761203102
富达国际：当前风险收益比很“划算” 是参与A股好时机,2024-12-25,0.9948400825749227
北京商报：涨停股数量变少说明市场更理性,2024-12-24,0.31370618975160813
中金公司：中期A股红利资产可能更多体现为阶段性、结构性机会,2024-12-23,0.9965657366120646
国泰君安：跨年反弹行情仍会延续 重点不在股指而个股将活跃,2024-12-23,0.9997770062736445
海通证券：市场震荡休整中阶段性关注红利 中期科技制造及中高端制造是主线,2024-12-22,0.9999946561451789
海通证券：AI ASIC有望迎来爆发式增长 关注产业链投资机会,2024-12-22,0.9923166875068729
桂浩明：ETF火热 指数化投资渐成气候 是投资理性的一种回归,2024-12-21,0.9997005128069
贺宛男：央企高度重视控股上市公司破净问题释放什么信号,2024-12-21,0.33740764772716125
皮海洲：“稳住股市”给明年的A股市场吃了定心丸,2024-12-20,0.9994958826249813
皮海洲：鼓励多次分红应消除红利税征收的不利影响,2024-12-19,0.6786320208084122
中信建投：国资委央企市值管理意见出台 行业估值回归可期,2024-12-19,0.8790792024178711
申万宏源：2025年核心资产或迎困境反转,2024-12-18,0.9940926179515687
华泰证券：短期市场或仍维持“上有顶、下有底”的状态,2024-12-16,0.9593852400417409
中信建投陈果：淡定面对波动 跨年行情继续,2024-12-16,0.9983256347858593
农银汇理基金经理张燕：科技成长有望继续引领“春季躁动”,2024-12-16,0.9554418835210448
瑞士百达郭韶瑜：人工智能仍是全球市场长期投资主线,2024-12-16,0.9937106427911615
海通证券：拉长时间来看A股被动资金定价权望持续提升,2024-12-15,0.9879056057997956
华创证券：看好2025年交运行业 积极配置弹性方向,2024-12-15,0.9372200536501861
跨年行情开启？六位基金经理重磅解读来了,2024-12-15,0.9767881626464961
最看好信息技术的投资机会！摩根大通展望2025年中国股市：价值或优于成长,2024-12-14,0.9999729135230913
中信建投：随着政策刺激力度加码 顺周期餐饮链有望率先受益于预期改善,2024-12-13,0.9794910022318893
中金：后续一段时间仍将是政策落地的窗口期 有助于提振投资者信心,2024-12-13,0.9992841734011674
皮海洲：券商并购重组缘何少了些许市场掌声？,2024-12-13,0.765997911571572
经济日报：“稳住股市”有力引导稳定预期,2024-12-12,0.9972653049572352
皮海洲：上市公司董监高短线交易所得应统一上缴国库,2024-12-12,0.9212679423971221
国盛证券熊园：对政策、对市场可以更乐观,2024-12-12,0.9772460859576072
国泰君安：A股有望走出跨年行情,2024-12-12,0.9833855735959499
摩根大通展望2025年股市：价值优于成长 信息技术主题最被看好,2024-12-12,0.9993269346116338
北京商报：货币政策适度宽松利好A股估值提升,2024-12-11,0.9925170443856762
曹中铭：股市炒玄学凸显三大问题,2024-12-11,0.9833376463285111
政策组合拳提振信心 公募：中国资产将迎来估值再提升,2024-12-11,0.9292715810783898
清华大学国家金融研究院院长田轩：解决股市痼疾 迎接健康牛,2024-12-10,0.9997812307018287
中金公司：把握岁末年初行情 A股大底形成中,2024-12-10,0.9925065080104488
中金：A股市场未来面临从估值驱动到盈利驱动的切换,2024-12-09,0.9713896819959928
国泰君安：积极备战跨年反弹,2024-12-09,0.9447117384944899
中信证券：减肥药产业趋势有望进一步明确 有望形成跨年度主题行情,2024-12-07,0.9903684550745792
申万宏源钱启敏：热点“避实就虚” 后市将回归基本面,2024-12-07,0.9610412064930777
贺宛男：临近年底 资金更加关注业绩,2024-12-07,0.9987167863882952
浙江大学研究员：退市赔偿应以非ST股“面退”为抓手,2024-12-07,0.0034767670081474744
皮海洲：玄学炒股无厘头 炒作“蛇”概念当心被“蛇”咬,2024-12-06,0.3365191940692096
专家展望2025年投资形势：中国经济韧性十足 A股市场蕴藏多重机会,2024-12-05,0.9999950923706187
股市不是玄学 玄学炒作属于恶意投机,2024-12-04,0.733541824950498
中原证券发布2025年A股市场投资策略：行之有道 稳中有进,2024-12-04,0.9254567341751665
中信证券：并购重组支持政策持续加码 需要关注两大方向,2024-12-04,0.9838343076156685
熊锦秋：应强化对违规入股和突击入股的穿透监管,2024-12-03,0.9237614821791897
十大券商看后市：A股有望再迎修复窗口 跨年行情值得期待,2024-12-02,0.8766270095762931
西南证券叶凡：稳增长政策有望加码 新一轮行情或开启,2024-12-02,0.9968606016451186
银河证券：“跨年行情”值得期待 市场有望震荡向上,2024-12-02,0.9854352536402659
中泰证券：短期对市场维持偏乐观 关注科技与顺周期,2024-12-02,0.9981354454112018
国信证券：明年并购重组题材仍有演进空间,2024-11-30,0.9718343165291933
九圜青泉科技首席投资官：红利指数20年历史的投资启示,2024-11-30,0.9997926255755994
桂浩明：市场有望呈现震荡上行格局,2024-11-30,0.8783540429979836
安信基金张明：长期看好注重股东回报的绩优公司,2024-11-29,0.9886089423565726
中金分析师刘刚：港股市场“密云不雨” 需要催化剂实现反弹,2024-11-29,0.998432104034967
中信建投陈果：牛市起点往往来自政策催化 明年是从流动性牛到基本面牛,2024-11-29,0.9998875370185493
瑞银证券：看好成长风格跑赢价值风格,2024-11-29,0.9994604373163778
对话中信建投陈果：看好2025年A股从流动性牛迈向基本面牛,2024-11-28,0.9049062545406295
银河证券：明年A股将螺旋上行 新动能估值聚势提升 投资者应抓“以我为主”窗口,2024-11-28,0.9830170683017414
光大证券：接下来市场有望迎来一波反弹修复行情,2024-11-28,0.3483379410665497
皮海洲：涨幅1917％ 爆炒新股潜在巨大的投资风险,2024-11-28,0.6900330793373737
国投证券：岁末年初爆发行情的可能性较大,2024-11-27,0.9772060775167728
中信建投证券：A股市场有望成为全球资金配置的重要场所,2024-11-27,0.9992771807063704
中信建投：2025年牛市有望从“流动性牛”逐步迈向“基本面牛”,2024-11-26,0.9965028118208272
中金公司：个人投资者入市下增量资金驱动对小盘风格偏利好,2024-11-26,0.9945956487464007
皮海洲：让并购重组告别“高承诺、高估值”定价模式,2024-11-26,0.4823419353314822
熊锦秋：新三板市场操纵案可推动将罚没款补偿投资者,2024-11-26,0.9988962766769787
海通策略：中期行情望由基本面驱动 科技制造及中高端制造或是中期主线,2024-11-24,0.9999986858784241
光大证券：近期权益市场波动较大 前期涨幅较大的行业和板块有一定的回调压力,2024-11-24,0.9805393492889649
华安证券：新的上涨契机等待宏观政策或经济短期改善预期再起,2024-11-23,0.8762804387110441
陈嘉禾：投资需要自己做一把尺 将市场波动视为过眼云烟,2024-11-23,0.9991344521042798
贺宛男：看到经济的转折点 长线资金才会源源而至,2024-11-23,0.9812075625351238
皮海洲：允许下跌也要允许上涨 对股票上涨要多一份包容心,2024-11-22,0.7135062289893904
中欧基金宋巍巍：从全球角度看 A股核心资产仍被低估,2024-11-22,0.9978740043527854
海通证券：基本面终将改善 “心动”之后迎“幡动”,2024-11-22,0.974272328574146
证券日报：上市公司现金分红要答好“三张问卷”,2024-11-22,0.44995207945830307
高盛：继续高配A股市场 内资对中国股票的定价权会越来越高,2024-11-21,0.9995870115905642
皮海洲：A股市场波动不能怪罪于散户,2024-11-21,0.6292304331576581
A股牛市结束了吗？中信建投陈果：资金犹豫怀疑 才有震荡慢牛,2024-11-19,0.9945035535322679
光大保德信基金张芸：杠铃策略或是当下A股所处阶段的较好选择,2024-11-19,0.9649697325955451
皮海洲：央国企上市公司将成为市值管理的主力军,2024-11-19,0.1576954035050705
十大券商看后市：市场交易博弈特征明显 A股中期上行趋势不变,2024-11-18,0.946468923215036
国泰君安：把握大盘相对收益 围绕化债内需与自主可控积极布局,2024-11-18,0.999914505928383
银河证券：A股有望震荡上行 关注三大领域,2024-11-18,0.9518243917711073
华泰证券：短期A股市场中枢震荡或仍为基准情形,2024-11-18,0.5700269465543442
中信证券：展望2025年 科技产业投资主线将继续围绕AI展开,2024-11-15,0.9992751158737384
中信建投：短期冲击结束后港股或迎来上涨行情,2024-11-15,0.9011182979383435
广发证券戴康：A股牛市能涨多高关键看明年盈利兑现,2024-11-15,0.896045540973557
中金公司：明年A股盈利增长有望出现改善拐点,2024-11-15,0.872609406221744
陈果：A股宜牛市思维面对 对政策力度不用太担心,2024-11-14,0.9356857633605344
杨德龙：A股走出独立行情 赚钱效应依然较强,2024-11-14,0.9660024105003466
华泰证券：A股在明年下半年或具有β机会,2024-11-14,0.8129151837618598
券商展望2025年A股投资：乐观预期成共识 多个赛道“划重点”,2024-11-14,0.9716747650773424
中金：建议减配安全资产 增配风险资产,2024-11-13,0.9206458554834168
中金：2025年投资者风险偏好有望整体好于2024年,2024-11-12,0.9911449648520764
皮海洲：如何看待中国上市公司回购金额首超股权融资,2024-11-12,0.9833682432903053
中信建投：市场仍将维持中期震荡上行趋势 大概率将演绎跨年行情,2024-11-11,0.9996000734508521
中国银河证券：11月顺周期相关板块或短期相对受益,2024-11-11,0.9766190864802403
西部利得基金盛丰衍： 兼具红利和潜力 央企有望成新“核心资产”,2024-11-11,0.9998481025217035
证券日报：中长期资金要真正成为“时间的朋友”,2024-11-11,0.9702648323994861
海通策略：财政政策发力或推动A股走向基本面驱动,2024-11-10,0.9976930777863285
桂浩明：我们需要什么样的平准基金？,2024-11-09,0.668220581071177
经济日报：引导上市公司回报投资者 逐渐减少投机行为,2024-11-09,0.9989371301323272
有效的信息披露治理是长牛的基础,2024-11-09,0.8881917294322922
皮海洲：“IPO常态化”不是新股高速发行的代名词,2024-11-08,0.9501926749399082
中金公司：非银、新质生产力行业、“两创”板块公司可能存在结构性机会,2024-11-04,0.9827138006783958
中国银河证券：对后市科技板块持续反弹呈乐观态度,2024-11-04,0.9032494755742184
证券时报：央国企分拆重组如何走出新路径？,2024-11-04,0.16264718427035418
九圜青泉科技首席投资官陈嘉禾：选择股票的5个步骤,2024-11-02,0.9990202244078954
中金公司：三季度非金融盈利仍待提振 金融盈利改善,2024-11-01,0.6466230854607574
皮海洲：报喜鸟8亿元定增是实控人“低吸”的需要,2024-11-01,0.7670977324597412
熊锦秋：应紧盯严防重大重组中的内幕交易,2024-11-01,0.782236854709459
高盛坚定看涨中国股票：美国大选后的2-3个月内料上涨！,2024-10-31,0.8567000404373254
中信证券：港股中盘或是当前更好的选择,2024-10-31,0.9495741020439297
中信建投：维持财政政策受益方向和景气度较高的科技板块的重点配置方向,2024-10-31,0.9995975165420622
海通证券：未来并购重组三大投资方向或集中在科技股、制造龙头以及国有企业,2024-10-30,0.9785234019008812
中信建投：重点把握并购带来的五大投资方向,2024-10-29,0.9987400636151927
中国银河证券：中国资本市场面临估值重塑的大拐点大机遇,2024-10-29,0.9997805770074639
中金公司：上市央企估值市值具备继续修复空间 重点关注三条投资思路,2024-10-28,0.9579552729438985
中信建投陈果：“拉锯战”特征明显 中期牛市的核心逻辑没有改变,2024-10-28,0.9999812343136147
中信建投：北证指数再创新高 关注三季报业绩,2024-10-28,0.9824643553881878
中金：主动偏股型基金仓位回升 港股继续获得加仓,2024-10-28,0.5274246764047739
农银汇理基金经理魏刚：哪些方向有望成为反弹先锋？,2024-10-28,0.9588121639160331
十大机构论市：活跃资金持续入场 市场正处熊牛转换中,2024-10-27,0.9943767947899762
桂浩明：北交所股票大涨的内在因素剖析,2024-10-26,0.9940589382855478
银河证券：三个方向的并购重组专题投资较为值得关注,2024-10-25,0.9821828786066643
证券时报：量化巨头放弃中性策略 几大因素值得一说,2024-10-25,0.9874334743027513
皮海洲：在中国股市推出平准基金很有必要,2024-10-25,0.9921003019215211
证券日报：外资加码中国背后的三大因素,2024-10-24,0.9082313173509599
奶酪基金投资经理胡坤超：看好医药、消费及互联网,2024-10-23,0.9730309129825019
中金公司：中期科技成长风格仍有望占优 重点关注半导体、消费电子、通信设备等,2024-10-22,0.9999631594386329
皮海洲：央行支持股市发展两项新政落地对市场影响如何？,2024-10-22,0.9982877706046573
华泰证券：11月中旬前科技成长风格或能延续优势,2024-10-21,0.9978854667320558
中信建投：仍处牛市第二段“拉锯战” 可用牛市中的震荡期来看待,2024-10-21,0.9997160313924468
桂浩明：告别急剧震荡行情 回归一种常态化格局,2024-10-19,0.9992365795851728
施罗德：捕捉市场分化下的投资机会,2024-10-19,0.9949920327402406
国泰君安：增量资金正从价值蓝筹向科技龙头切换,2024-10-18,0.9984292785322549
证券日报：多路增量资金有望持续助力A股稳健运行,2024-10-18,0.9944712898049755
杨德龙：保持理性和客观的心态 持有优质资产静待第二波行情,2024-10-17,0.9998575440124289
中信证券：政策底明确 建议保持仓位配置,2024-10-16,0.9652541948128279
深圳商报：给足信心 让增量资金乐在股市“安家”,2024-10-16,0.9991131474227275
深圳林园投资董事长林园：A股正从“重融资”向“重回报”转变,2024-10-16,0.9154671953795467
中金：结合三季报业绩关注三条投资主线,2024-10-15,0.9860783842719552
证券日报：互换便利工具落地 将带给资本市场哪些改变,2024-10-15,0.9999921086591492
华泰证券：高交投情绪之下板块性机会可能会发散 建议关注四条主线,2024-10-14,0.9958223785917357
中金：“大底”形成走到哪一步了？,2024-10-14,0.5861131569834175
中信建投：从中期看 内需顺周期复苏交易将成为市场重要投资线索,2024-10-14,0.9993168403945213
八大外资机构把脉A股：政策组合拳“为持续性行情铺路”,2024-10-14,0.5026120687104169
国泰君安：调整之后 股市将重振旗鼓,2024-10-14,0.991341114209426
申万菱信王赟杰：看好券商、新能源和红利三条主线,2024-10-14,0.29930781481311497
海通策略：结构上科技及中高端制造或是中期主线,2024-10-13,0.99975667502911
外资解读一揽子财政增量政策：基调积极 化债相关支持力度较大,2024-10-13,0.9787210589987585
国信证券王开：本轮财政刺激下 股市中长期或将企稳,2024-10-13,0.9876233979703882
杨德龙：财政部将在近期陆续推出一揽子增量政策举措 有望推动股市重拾升势,2024-10-13,0.9996030697795889
桂浩明：红利品种迎来重大投资机会,2024-10-12,0.8528603905422382
皮海洲：股东减持成为套在A股市场头上的紧箍咒,2024-10-11,0.9420120674758373
张忆东：相信反转的逻辑 市场分化后有三大主线值得中长期配置,2024-10-11,0.9789032684057299
六大低估值行业潜力十足 机构看好15家公司未来3年前景,2024-10-11,0.9695845791770499
证券日报：核心宽基ETF放量吸金的内在逻辑是什么？,2024-10-11,0.9639285608762648
杨德龙：投资者应从熊市思维转向牛市思维,2024-10-10,0.9985043875466834
支持资本市场的非银互换便利工具落地 华创证券：五大问题待明确,2024-10-10,0.9999488707118512
任泽平：千金难买牛回头 倒车接人后再出发,2024-10-10,0.6442635865126949
李迅雷：如何扩大长线资金入市比例？,2024-10-10,0.7850420175338668
中信证券：目前市场仍处于由情绪主导的反弹第一阶段 中长期仍需关注具体的政策落实的方向以及效果,2024-10-10,0.9999751166182532
中信建投：资金流动趋稳后 关注政策落地和三季报,2024-10-10,0.9983248902171658
路博迈基金朱冰倩：震荡调整有助于市场走得更稳更好 接下来要关注三个指标,2024-10-10,0.9999716124586906
中金：偏大盘蓝筹资产和部分创新领域有望受益于未来长期资金入市,2024-10-09,0.9999780278666611
私募大咖李驰：中国股市迎来“世纪特大牛市”,2024-10-09,0.9965765846375557
专访杨德龙：政策底与市场底重叠 形成共振引发牛市,2024-10-08,0.43797103580823193
专访林园：现在是几十年不遇的机会 中国资产价值还是非常便宜的,2024-10-08,0.889148626992872
中金：节后A股短线上行趋势有望延续 中期“大底”条件仍在完善过程中,2024-10-08,0.9979645117722528
中信建投：当前A股正在迎来一轮“信心重估牛”,2024-10-08,0.7026317182208889
十大券商看后市：乐观预期继续推高A股 脉冲式上涨短期或持续,2024-10-08,0.8892686396499041
金融政策全面提升投资者信心！申万宏源赵伟：应当适时推出平准基金,2024-10-07,0.9999969959832951
杨德龙：一旦行情到来 这可能是十年一遇的好机会,2024-10-07,0.9873151549527796
广发证券刘晨明：行情一波流还是牛市起点？A股决胜或在12月初,2024-10-07,0.9055337973518182
经济日报金观平：发挥好中长期资金“压舱石”作用,2024-10-06,0.9941124453710389
国金证券：反攻首选TMT（电子、计算机） 国防军工 医药生物等,2024-10-05,0.9999504506117212
林园：市场在往牛市方向发展 中国资产此前被严重低估,2024-10-04,0.9999476836163044
国金证券张弛：10月A股反弹开启 可重点关注中盘成长及消费,2024-10-04,0.9526753639313936
中国资产大反攻 外资继续积极看多！达利欧：本轮刺激经济举措将成为历史性转折,2024-10-03,0.9609051528229697
陈果：政策春风确立“信心重估牛” 牛市刚刚起步,2024-10-03,0.9913806348190852
华安证券尹沿技：打开信心提升后的市场想象空间,2024-10-03,0.9951244475614596
华泰证券：暑期手游市场规模同比微降 后续迎重点产品周期,2024-10-02,0.3777759031764648
投资者是市场之本 综合施策保护投资者,2024-10-02,0.9996403376336979
中信证券：政策提振信心 A股磨底进程有望提速,2024-10-01,0.24074259142853383
瑞银房东明：一系列政策出台大超市场预期 标志着A股市场拐点出现,2024-09-30,0.9956854254245224
瑞银王宗豪：上调MSCI中国指数目标价 从H股战术性调整至A股,2024-09-30,0.9980096862484235
华泰证券A股策略：战术乐观 关注低位待补涨品种,2024-09-30,0.9889427399219197
中金公司：A股市场辅助信号均已出现、政策信号开始显现、基本面信号或尚需等待,2024-09-30,0.9462584620785656
皮海洲：推动中长期资金入市离不开股市的财富效应,2024-09-30,0.9974813121076848
券商：中级行情启动条件已具备权重搭台成长唱戏,2024-09-30,0.9724434180475029
公募：抓住稳定价值类、成长类资产投资机会,2024-09-30,0.9999862724990439
十大券商策略：“政策底”已确立？哪些热点有望继续上涨？,2024-09-30,0.7969231320580636
海通证券荀玉根：中级行情在路上 看好地产和消费医药,2024-09-28,0.9319737988128348
证券日报：要根治上市公司回复问询函“一拖再拖”的顽疾,2024-09-28,0.011521766364168018
访中国银河策略首席分析师杨超：政策“组合拳”持续加码 A股价值投资氛围渐浓,2024-09-28,0.9998924060527444
经济日报金观平：推动国资出资成为耐心资本,2024-09-27,0.9982993106176944
对冲基金传奇人物：将全力押注中国股票 还有很大的上涨空间,2024-09-27,0.9992107248251508
证券时报：上轮行情翻倍股 这次会否“龙回头”？,2024-09-27,0.6734338067495348
五万亿巨头最新发声：对中国资产中长期持非常乐观看法,2024-09-27,0.9869963919550403
高盛策略报告：A股战术性反弹带来的配置机遇或已来临,2024-09-26,0.9991440192211991
中金：短线大涨后市场表现或有波折 但反弹行情仍有望延续,2024-09-26,0.999426346004511
华泰证券策略首席王以：A股和港股将迎来流动性改善,2024-09-26,0.40236841194518
皮海洲：注销式回购需要具体公司具体对待,2024-09-25,0.42874118831405506
中金公司：A股反弹预计将延续 短期非银及地产链或有较好表现,2024-09-25,0.7462618559320917
中金：股市大涨后短期或有波折 但预计反弹仍将持续,2024-09-25,0.9093108072691308
中金：现金牛风格出现向央国企收敛的趋势,2024-09-24,0.17687027841111347
华泰证券：A股底部形态初现,2024-09-23,0.17526214556266106
融通基金李进：便宜成长股越来越多 看好四大投资方向,2024-09-23,0.9951055835143354
农银汇理基金经理左腾飞：坚守真红利和优质成长板块,2024-09-23,0.9997438078525908
桂浩明：券商重组意在提高规范化水平,2024-09-21,0.23387722862855143
贺宛男：新一轮并购重组冰火两重天 期待有更多的主动退市公司,2024-09-21,0.9989845990267063
港股回购超2000亿港元 释放哪些信号,2024-09-21,0.6568457151637195
中金公司：美降息开启 关注可能影响A股的三类资产表现,2024-09-20,0.8311518323765719
机构：中国货币政策空间打开将提振A股市场,2024-09-20,0.9724697091901016
国泰君安舒迪：三重因素拉动电子行业上半年业绩反转,2024-09-19,0.9949452060271059
十大券商看后市：中秋假期外部环境积极 A股市场偏底部特征较多,2024-09-18,0.991110680920148
中金公司：关注科技创新领域尤其是具备产业自主逻辑的板块,2024-09-18,0.9997995243285424
中信建投：短期A股市场强势股补跌 具备市场底部特征,2024-09-18,0.996861527202204
中金：美联储降息临近 港股弹性较A股更大,2024-09-16,0.10928080434048049
证券日报：上市公司盈利修复透露三大看点,2024-09-14,0.9014911560238617
证券时报：基金公司应让投资者有更好的持有体验,2024-09-13,0.987912607575742
皮海洲：对IPO企业现金分红的监管应避免“雷声大雨点小”,2024-09-11,0.1899874675117127
皮海洲：如何让拟上市公司树立正确的“上市观”？,2024-09-10,0.5288717373108489
熊锦秋：应切实将市场操纵民事责任落到实处,2024-09-10,0.9445543866416525
十大券商看后市：A股已具备部分底部特征 风险偏好有望企稳,2024-09-09,0.4386528404286705
光大证券：前期强势的银行板块补跌或许是一个积极的信号 投资者可在底部区域适当进行左侧布局,2024-09-09,0.4707292137880762
中信建投：市场已具备底部条件 三条线伺机布局,2024-09-09,0.5700675278699633
海通证券：从半年报找配置线索 上游资源板块盈利显著改善,2024-09-08,0.8828942775054314
方正证券：关注乳制品、软饮料板块的投资机会,2024-09-08,0.9577986155002904
洪灏：全球金融市场将大幅波动 人民币、中国股市或走强,2024-09-08,0.9997458019904814
桂浩明：美联储降息后 A股会怎么走？,2024-09-07,0.04127647742201901
中信建投：接下来港股配置主线仍为红利板块,2024-09-05,0.9850130905459782
中信证券：港股市场有望迎来月度级别的估值修复行情,2024-09-03,0.9893747628309794
中金：当前市场已具备较多偏底部特征 下行风险有限,2024-09-03,0.43145146262209977
十大券商看后市：全球资金有望迎来再配置 或利好中国资产,2024-09-02,0.9844669321627344
中信建投陈果：9月市场有望边际改善 伺机进攻,2024-09-02,0.44325871111663173
光大证券：A股下行空间有限 底部上行可期,2024-09-01,0.011554323783108389
经济日报：依法从严惩治资本市场财务造假,2024-09-01,0.9320255794591745
贺宛男：A股迎来久违放量上涨行情 主要原因有两个,2024-08-31,0.8426953081825179
桂浩明：从严治市应从打击造假开始,2024-08-31,0.11571179047274127
中信建投：9月无论是基本面还是流动性均已出现边际改善信号,2024-08-30,0.6044035195383011
十大券商看后市：A股已具备较多底部特征 转机正在孕育,2024-08-26,0.5733995666188921
华泰证券：建议配置低融资敞口A50、景气持续的电子、船舶、降息强受益的医药,2024-08-26,0.9908478020304017
中信建投：市场转机正在逐步孕育 市场有望打开向上空间,2024-08-26,0.7989301230890239
国泰君安：美债利率短期下行后仍将高位震荡 美股预计先下后上,2024-08-26,0.9949996785129138
海通策略：历史上A股成交低迷后若市场迎来向上修复 前期超跌的行业涨幅及胜率更高,2024-08-25,0.9993526034269674
经济日报：提升资本市场内在稳定性,2024-08-25,0.9998970632650862
中信建投：分析表明季节性因素对A股市场情绪有显著影响,2024-08-22,0.9939030722163812
中信证券：美股科技股板块估值整体处于合理期间 维持对板块未来6~12个月的乐观看法,2024-08-21,0.9993586597534616
熊锦秋：亲属之间代为操作证券账户应避免触及法律红线,2024-08-20,0.9980447319452521
中金公司：美联储降息前美债和黄金“做波段” 降息后逐渐转向顺周期资产,2024-08-19,0.2693861287940912
中信证券：港股市场迎接月度级别的估值修复,2024-08-19,0.9836536483646064
十位“首席”把脉下半年：经济向好趋势未改 A股或迎反弹窗口,2024-08-19,0.5365769863568316
鹏华基金李悦：美联储降息概率大增 港股估值修复弹性更大,2024-08-19,0.6982155808611843
兴业银行首席经济学家鲁政委：“红利时代”的四大“基石资产”,2024-08-18,0.9919270055094399
首席展望丨民生邱祖学：下半年金价或续创新高 避险驱动仍占主导,2024-08-18,0.9923223870766551
桂浩明：A股市场现在遇到了极大的困难 交易低迷背后是市场缺乏赚钱效应,2024-08-17,0.40453112710106665
贺宛男：量在价先 没有量又怎么牛得起来？,2024-08-17,0.9486202612555349
皮海洲：现金分红与股价上涨 谁更能给投资者以回报,2024-08-16,0.8928880025436445
中金公司：本轮红利风格调整或近尾声 推荐关注红利风格内的金融、消费板块,2024-08-15,0.995277840693998
鹏华基金郑科：防御性战略投资仍将是主线 看好先进制造业与金融业,2024-08-15,0.9999885779253382
中信证券：美联储降息有望助推国内剩余流动性回升,2024-08-13,0.24025859546290496
国泰君安：港股韧性已现推荐布局 向科技要弹性,2024-08-13,0.989526862057516
中信建投陈果：投资者需要保持耐心 等待进攻时机,2024-08-12,0.9897766889639368
长城基金陈子扬： 瞄准周期板块机遇 三大维度掘金,2024-08-12,0.9656654308408891
永赢基金首席权益投资官高楠： A股最大特征是均值回归 很难再杀估值,2024-08-12,0.9999960359557695
浙商证券：A股已经进入中线底部的筑底期,2024-08-11,0.09182628281903105
桂浩明：从上证综指看A股寻底之旅,2024-08-10,0.13588613342496791
贺宛男：A股为何“缺席”全球股市强劲反弹,2024-08-10,0.9837512507560607
富达基金孟峤：大量海外资金正在等待时机流入国内市场,2024-08-09,0.9996392588532942
中金公司：A股估值再度具备较强吸引力,2024-08-06,0.22804099048616377
中信建投陈果：外部流动性舒缓 等待扩内需发力,2024-08-05,0.9890236384580602
中金公司：建议重点关注基本面具备支撑的红利资产、以及顺应产业转型趋势的高景气行业,2024-08-05,0.9989884668843938
联博基金朱良、黄森玮： 当前A股在全球最具吸引力 看好制造业出海和“现金奶牛”,2024-08-05,0.9782123757293112
汇安基金吴尚伟：A股市场存在上行机会 关注“高质量”主线,2024-08-05,0.9983339185762591
万亿美元巨头威灵顿投资管理最新发声：多元策略产品迎来发展契机,2024-08-04,0.9903027794171283
浙商证券：低空经济行业正处于加速落地阶段,2024-08-03,0.9971911278096651
贺宛男：资本市场如何提升内在稳定性 基础制度是基石,2024-08-03,0.9999750702309311
上证全收益指数会成为市场新的风向标吗？,2024-08-03,0.9406344941530426
俞敏洪放过董宇辉 股民能放过俞敏洪吗？,2024-08-03,0.9963054612207695
应健中：不必过于看空A股市场 2900点成为阶段性底部,2024-08-03,0.8941169937398322
曹中铭：科创板公司启动并购重组 需要注意三个方面的问题,2024-08-03,0.48293483956111927
中信建投：近期政策层面扩内需动作频加码 这些板块有望受益,2024-08-02,0.9899703387040124
皮海洲：股市如何更大力度服务实体经济回升向好？| 立方大家谈,2024-08-02,0.8635800202788911
中信建投：下半年迎产品周期 游戏板块已具备较高投资性价比,2024-08-01,0.9989502602961943
华西证券：2024年将是卫星频繁发射组网、商业航天产业化的起点之年,2024-08-01,0.25210145339662415
华泰证券：A股资金面压力环比小幅回升 资金配置共识较低,2024-07-31,0.998413160687547
睿郡资产王晓明：当前应对未来股市持更积极看法,2024-07-31,0.99931133216837
桂浩明：投资红利股应避免两个误区,2024-07-27,0.8548848988010869
皮海洲：提振投资者信心一周年 股市为何还是低迷？,2024-07-26,0.9957378996824349
贝莱德建信理财年中投资展望：A股市场估值较低 耐心等待积极信号,2024-07-24,0.9883056350565623
瑞银证券孟磊：A股市场已具备更高的战略重要性 估值有望在下半年温和回升,2024-07-24,0.9994398268516049
皮海洲：汇金增持ETF为何没能提振A股投资者信心？,2024-07-23,0.5160054315196598
中信建投：7-8月中报将成为市场重要交易线索 关注超预期或增速较高的板块,2024-07-22,0.9945099480401774
农银汇理基金经理邢军亮：超跌的电子板块未来修复空间可观,2024-07-22,0.9979500984359554
东方马拉松钟兆民：坚守投资本质 看好三大投资机会,2024-07-22,0.996894638624999
海通证券：本届三中全会有望通过改革预期提振市场风险偏好,2024-07-21,0.9050078394495409
永赢基金许拓：左侧布局 聚焦高股息、红利资产,2024-07-20,0.9697485317090985
贺宛男：半导体板块上演“王者归来” 未来业绩改善值得期待,2024-07-20,0.9999871776890605
桂浩明：广汇汽车退市 超过10万的投资者情何以堪,2024-07-20,0.6235518835088836
文兴：美股芯片股下跌 我们摆脱“卡脖子”的路径清晰了,2024-07-20,0.9734203145007144
应健中：耐心等待黄金交叉到来 投资者还是要耐心一点,2024-07-20,0.984671939548294
中信建投陈果：7-8月市场有望继续围绕业绩方向交易,2024-07-17,0.9456213184022008
光大证券：市场上行可期 高股息及“科特估”值得长期关注,2024-07-15,0.8950251751138657
七位知名私募投资经理“把脉”下半年市场： 市场底部区域可以更积极 看好高股息、成长等方向,2024-07-15,0.9999195936592715
农银汇理基金经理钱大千：景气成长板块表现有望阶段性占优,2024-07-15,0.99978883812573
FXTM富拓杨傲正：全球央行步入降息周期 利好多国股市,2024-07-15,0.9766355975664995
海通策略：二季度A股盈利表现或相对稳健,2024-07-14,0.8916922981197004
中信证券：下半年A股市场将迎来年度级别上涨行情的起点 迎接大拐点,2024-07-13,0.9029253517771504
桂浩明：红利指数在下半年还能继续强势吗？,2024-07-13,0.6017340594516928
皮海洲：叫停转融券是来之不易的利好 但提振作用相对有限,2024-07-13,0.05316133180725158
兴业证券下半年投资展望：新时代核心资产行情刚刚开始 关注新旧动能切换中“熬”出来的投资机会,2024-07-13,0.9999976876490967
险资人士眼中的权益市场：高股息与新质生产力都是挚爱,2024-07-11,0.9963266421400927
中信建投：港股估值修复空间充足 关注互联网板块投资机会,2024-07-10,0.9995752397646981
中信建投陈果：下半年市场环境最终将好于上半年 主要指数有望挑战新高,2024-07-10,0.9994474154220746
A股再创调整新低 十大基金最新解盘：风险偏好有望逐渐回升 修复行情在路上,2024-07-09,0.917206766377551
十大券商看后市：A股部分指标已显现阶段性偏底部特征 转机渐行渐近,2024-07-08,0.9992422378590644
经济学家展望下半年环球投资： 降息预期仍存 看好高股息板块,2024-07-08,0.8845118839676923
应健中：做一个理性的金融消费者 要保存好资金实力,2024-07-06,0.9997371748413733
皮海洲：统一执法尺度 打击证券违法行为,2024-07-06,0.44676264032978963
桂浩明：低迷的格局不改变 B股的退市公司数量还将进一步增加,2024-07-06,0.023436631010254394
贺宛男：A股回购增持连创新高 重塑投资信心仍需要时间,2024-07-06,0.9924735060627982
兴业证券张忆东：今年港股年度高点或在四季度 高胜率资产是赢家之道,2024-07-05,0.056793735414590096
皮海洲：转融通成为投资者千夫所指 该不该关停转融通业务,2024-07-05,0.6814838349895941
兴业证券中期策略会再寻资本市场答案：明确看多港股核心资产 提出“15+3”A股投资策略,2024-07-04,0.999992290006744
中金公司7月行业配置策略：中长期改革关注度提升,2024-07-02,0.999613633542782
中信建投：政策有望持续托底 整体市场依旧保持中性乐观,2024-07-02,0.9997473406329057
中信建投：北交所深改推进 指数投资价值凸显,2024-07-01,0.9961517172197281
中信建投：科技产业重视度凸显 建议关注政策导向标的,2024-07-01,0.8217882482073694
天风证券：继续看好“耐心资产”等高股息方向 新质生产力或有表现机会,2024-07-01,0.9590369153249372
海通证券：短期市场仍处蓄势中 下半年三因素改善抬升市场中枢,2024-06-30,0.9940840677276196
杨德龙：3000点之下继续坚持“只买不卖”的策略 逢低布局优质资产,2024-06-29,0.8636803326385165
皮海洲：量化交易不符合中国国情 有必要予以叫停,2024-06-26,0.13672886430024145
国金证券：当前处于“政策影响尾声—市场底”阶段 维持“大盘价值防御”策略,2024-06-25,0.9999401768697519
桂浩明：活跃市场不只是简单地想办法增加成交量,2024-06-22,0.2868213927915445
贺宛男：科创板不挺起腰杆 股价不从低迷中走出来 A股很难走强,2024-06-22,0.9964916093707602
应健中：可以考虑从三方面去寻找具有绝对投资价值的品种,2024-06-22,0.9775938930217761
熊锦秋：重要股东应重视每增减1%股份的信披义务,2024-06-21,0.8464627267768733
中信建投：哪些热点有望继续上涨？,2024-06-18,0.7345004302973889
东吴证券：市场风格切换在即 成长风格有望形成新一轮主升浪,2024-06-18,0.9922472695009072
十大券商看后市：A股短期仍有支撑 理性看待科技板块后续空间,2024-06-17,0.9975215200129297
汇安基金吴尚伟：资金配置需求强劲 红利类资产或持续走强,2024-06-17,0.9999929574423411
汇丰晋信基金付倍佳：关注港股回调后的三个投资机会,2024-06-17,0.879849334733382
海通策略：高股息占优已久 高端制造有望成股市中期主线,2024-06-16,0.9997006118130837
桂浩明：辨析上市公司四大风险 做理性投资人,2024-06-15,0.2989424053590587
杨德龙：想方设法提振股市表现 有利于推动消费复苏和经济增长,2024-06-15,0.9918355857226143
天风证券：继续看好“耐心资产”等高股息方向 6月新质生产力或有表现机会,2024-06-14,0.886619047157434
中信证券：当前中概互联网板块估值仍处历史低位,2024-06-12,0.9996087074937859
中金：未来3—6个月重点关注三条主线,2024-06-11,0.9760772173162893
华泰证券：如何理解近期大小盘分化？,2024-06-11,0.3210718561276106
皮海洲：A股指数再次逼近3000点 A股走势何以步履艰难,2024-06-11,0.06536619623205264
A股下半年怎么走？投资主线有哪些？十大券商策略来了,2024-06-10,0.9854404291527021
银河证券：家电行业景气度有望延续复苏 关注三条投资主线,2024-06-10,0.9998343275214151
海通证券：展望下半年 A股市场中枢有望再上新台阶,2024-06-10,0.5453967426039875
华西证券：猪价依然处于上行通道中 不排除今年猪价高点会提前,2024-06-10,0.9583193759152544
中信建投：政策发力只是刚开始 或将持续推动市场风格“小切大”,2024-06-09,0.9873533751256289
桂浩明：非ST股能否放宽“面退时限” 更大程度上保护中小投资者,2024-06-08,0.9113395926010148
尹中立：今年微型股出现三次较快速下跌 需关注股市资金的虹吸效应,2024-06-08,0.9998898396977193
皮海洲：不必过分看重北向资金“脸色”,2024-06-08,0.8671266034706794
应健中：要防范躺平式退市带来的风险 一定不要栽进仙股的“黑洞”,2024-06-08,0.46991497145435923
曹中铭：“预言帝”或涉嫌操纵市场 绝不可只对相关账户限制交易了事,2024-06-08,0.98444118429607
招商证券：A股市场在6～7月可能会呈现结构上行的特征,2024-06-07,0.977260137201904
中信证券：下半年配置重心可逐步转向绩优成长,2024-06-06,0.9998489008946181
中信证券：看好人形机器人新一轮行情,2024-06-05,0.9821877963790444
国金证券：5月外需或阶段性好于内需 相关链条修复趋势或仍将延续,2024-06-05,0.9970425009410947
中信建投：我国新型工业化整体水平稳中有进 建议关注工业设备上云等行业,2024-06-05,0.9999848989381056
华泰证券：我国房贷利率或仍有下行空间 继续看好地产板块估值修复,2024-06-05,0.3702018193214871
国泰君安：国内多家企业明确表示电子烟需求快速增长 关注产业链投资机会,2024-06-05,0.99999800274713
兴业证券张忆东：港股的春天将延续 震荡期是精选核心资产良机,2024-06-05,0.9999544967030752
国泰君安：股市有望“进二退一”式震荡上升 建议逆向布局,2024-06-03,0.9577277132870435
东吴证券：6月整体市场偏向积极 继续看好“价值”类型股票,2024-06-03,0.9504365782819151
曹中铭：“戴帽”潮背后的原因值得探究 需要进一步提高违法违规成本,2024-06-01,0.9935557110204576
应健中：提防仙股带来的市场风险 投资者要持有靠谱的公司,2024-06-01,0.7114814093743951
皮海洲：应进一步规范上市公司股权结构 减少未来解禁股的减持压力,2024-06-01,0.9890384811325187
桂浩明：“红五月”行情因何虎头蛇尾,2024-06-01,0.7690587708078753
长江电力是耐心资本投资样板,2024-06-01,0.99976505604262
中金：年初以来产业资本减持金额明显回落 推动A股资金面边际改善,2024-05-28,0.9721592583264227
十大券商看后市：A股后续波动有限 战术上短期以守为主,2024-05-27,0.8098462609466228
中信建投：对A股仍可持乐观态度 战术上短期以守为主,2024-05-27,0.9881978020116079
海通证券：短期市场或处于休整蓄势中 关注基本面更优的中高端制造,2024-05-26,0.9999956755373864
杨德龙：当前市场投资者风险偏好依然较低 高股息和黄金板块值得继续配置,2024-05-25,0.9996160960437186
兴证全球基金：炙手可热的红利资产 有什么特征？,2024-05-22,0.9844319911016847
中信证券：当前港股估值修复行情依旧具备韧性 建议关注三大主线,2024-05-21,0.9911780947548474
华泰证券：港股配置空间有望延续 时间锚点或在于6月上中旬,2024-05-20,0.9345713878944734
博时基金赵宪成：港股科技板块上涨行情有望持续,2024-05-20,0.9929443040058445
华金证券：A股震荡偏强 短期继续关注顺周期、核心资产和TMT,2024-05-19,0.9861987125006307
桂浩明：分拆上市遇冷 未来依然难以成为市场热点,2024-05-18,0.6867954625298031
贺宛男：投资者权益保护要落到实处 才真正保住“市场之本”,2024-05-18,0.9986469441933599
中信证券：各地支持政策密集出台 推动低空经济从探索走向发展,2024-05-18,0.9997428381538432
皮海洲：上市公司利润分配不应过于追求现金,2024-05-18,0.05013994659679133
应健中：重视股市入口关和出口关的变化 在吐故纳新中寻找机会,2024-05-18,0.9948519256391906
中信建投：预计A股市场将迎来一段大盘龙头占优的时期 建议重点关注两大方向,2024-05-17,0.8147845054701156
华泰证券：MSCI中国A股调整或有稳定的超额收益窗口,2024-05-16,0.781071685767886
中金公司：中国股票资产中长期维度上机会大于风险 短期内可能仍以结构性机会为主,2024-05-15,0.9983268037585978
中信证券：港股通红利税若调整 有利于税收公平 但尚存不确定性,2024-05-13,0.655562046480732
华泰证券：A股配置以红利为基础 把握出口、供给减压两条景气线索,2024-05-13,0.9720624080973789
中金公司：当前A股市场机会仍大于风险,2024-05-13,0.6490174047318902
瑞士宝盛邓启志：聚焦三大因素 在中国市场寻找优质股票,2024-05-13,0.9987516455015191
海通策略：当前港股上涨或主要由交易型资金驱动,2024-05-12,0.8109806379704514
经济日报：紧盯密防证券从业者违规炒股,2024-05-12,0.950465686882413
桂浩明：靠什么实现“红五月”？,2024-05-11,0.06800997097169836
中信建投：关注一季报较好方向以及边际开始改善方向,2024-05-08,0.9709089948539075
中信建投：A股市场情绪正由悲观转向乐观 强烈看多建议积极配置,2024-05-07,0.9985920112563177
中信建投：战略上坚定看多今年的A股与港股市场,2024-05-07,0.9953751843066498
国泰君安：港股仍有可为空间,2024-05-07,0.9758288709180023
十大券商看后市：全球资金对中国资产配置意愿强烈 A股5月行情将更稳更持续,2024-05-06,0.9997840103908202
浙商证券：港股的战略配置价值值得重视,2024-05-06,0.9976356876210576
中金公司：乐观情形下港股还有约20%的上涨空间,2024-05-06,0.453139039129304
中信建投：科技方向有望迎来一定交易性机会,2024-05-02,0.9711977014488717
宏利投资管理全球首席投资官：全球投资者正寻求投资中国的机会,2024-05-01,0.9999887921839156
六位基金经理把脉港股后市： 5项措施激活港股做多热情 制约因素有望松绑,2024-04-29,0.03650450704892949
贺宛男：造假公司接连上涨为哪般？,2024-04-28,0.39177411679725516
应健中：“年报后”行情将是今年上半年最后两个月的市场主题,2024-04-27,0.9164215987051834
桂浩明：如何看待分红新政,2024-04-27,0.5135129818858131
国泰君安：政策推动下 港股优质资产配置价值提升,2024-04-24,0.9998530637718525
招商证券：预计2024年全年A股盈利有望逐季改善,2024-04-23,0.04198751012324431
中金公司：美股回调有助于降息交易重启,2024-04-23,0.03182684119635382
中信建投：关注业绩/股息品种 看好一季报后传媒反弹,2024-04-22,0.861660279875698
华泰证券：A股策略多因素角力下聚焦红利和高胜率景气,2024-04-22,0.18853258036148612
华泰证券：看好“低空新基建”下通导基础设施、三维高精地图及空管系统供应商的投资机会,2024-04-21,0.9286866962154463
华金证券：当前并不完全具备大盘占优的条件 后续大小盘风格可能偏均衡,2024-04-21,0.7939166277691546
红利类资产大爆发！投资价值几何？最新研判来了,2024-04-21,0.9976582508965297
超重磅政策！基金券商发声 促进形成良好的行业发展生态,2024-04-21,0.9970572536956529
韩忠益：在轮动行情中选对方向就是牛市 对蓝筹股不要迷信,2024-04-20,0.9989519084202498
应健中：每次下跌都是吸纳廉价筹码的机会 应辩证看待上市公司分红,2024-04-20,0.9923588474215362
新“国九条”开启中国资本市场新的十年 A股市场有望企稳回升,2024-04-20,0.9997388446104276
桂浩明：新股发行制度还需进一步完善 堵上已经被发现的漏洞,2024-04-20,0.8398037229862395
贺宛男：大盘股高息股上涨和大部分股票下跌的“二八”效应会持续多久,2024-04-20,0.5268332800074964
中信建投：A股注销式回购涌现 投资者应关注低估值、高回购额等指标,2024-04-19,0.9998230358887673
国泰君安：变化正在出现 逆向提高港股优质资产配置,2024-04-16,0.9982283193623891
华泰证券：A股风险偏好修复平台期 保持红利思维,2024-04-15,0.2515661619438295
中金公司：新“国九条”发布有助于投资者整体风险偏好进一步改善,2024-04-15,0.9959605333200419
富达基金孟峤：长期逻辑支撑 高股息赛道行情可期,2024-04-15,0.9991872413112022
博时基金刘玉强：在“专精特新”企业中挖掘投资机会,2024-04-15,0.9999486457658121
新“国九条”发布 业内：A股从“融资市”改为“投资市”,2024-04-14,0.7853337722185317
前海开源基金杨德龙：“国九条”为资本市场健康发展保驾护航,2024-04-13,0.9997354863065763
证券日报：IPO企业检查比例大幅提升意味着什么？,2024-04-11,0.5506773176189499
华泰证券：景气线索关注外需拉动、供给变化和产业周期,2024-04-09,0.9455417064536455
中信建投：震荡整固阶段把握分化中的机会 中期关注两条线索,2024-04-08,0.9999749342628679
财通基金金梓才：AI进入基本面向上阶段 今年关注三条投资主线,2024-04-08,0.9979592862725069
海通策略：中期维度看 白马板块或渐成股市主线,2024-04-07,0.9998761615506491
中信建投：银行业2023年营收承压利润小幅正增长，政策底后静待经济复苏,2024-04-05,0.8895306857586783
开源证券：预期车路协同的发展将经历三个阶段 市场空间或达千亿规模,2024-04-05,0.9979204440512083
中金：成长风格继续引领 关注基本面边际改善领域,2024-04-02,0.9996801571066986
十大券商看后市：A股4月中枢或整体上移 修复行情有望延续,2024-04-01,0.9862535428695386
博时基金赵宪成：港股有望持续反弹 看好三个投资方向,2024-04-01,0.9935019475493683
长城基金曲少杰：把握科技创新主线 借道QDII布局海外市场,2024-04-01,0.9999664306499901
富达基金孟峤：高股息板块仍具有较好投资机会,2024-04-01,0.9986922066567401
银河证券：4月建议战略性布局科技、上游原材料、消费等板块里的价值股,2024-03-31,0.4760329486281213
看好黄金！中外资机构最新研判：中国股市修复性行情将延续,2024-03-31,0.999864949975745
民生加银基金总经理郑智军：资本市场要坚持公平与效率,2024-03-31,0.9989021411502181
桂浩明：派息率是否越高越好,2024-03-30,0.6619224259727895
贺宛男：从龙头股年报把脉投资方向,2024-03-30,0.9360513532332209
杨德龙：多项指标显示A股和港股当前处于历史大底区域 坚持价值投资至关重要,2024-03-30,0.9894884636309534
证券日报：外资机构积极布局中国资本市场透露两大信号,2024-03-28,0.9843744180314471
中航证券董忠云：国有股权及现金收益投资范围扩容 将形成增量长期资金,2024-03-24,0.9556736973504094
贺宛男：严把上市准入关开始动真格 多项硬措施极具针对性,2024-03-23,0.42977707252492325
文兴：投资者期待新的变化,2024-03-23,0.9952851325518014
应健中：挑战年线是比较艰巨的任务 融资端与投资端在寻求平衡,2024-03-23,0.9890532665645729
中信证券：“红利+新质生产力”有望贯穿春季行情,2024-03-22,0.9992293263094353
中信建投：北向资金流入强度处于历史高位,2024-03-21,0.999954350981597
招商基金汪洋：A股政策面持续向好 高股息策略仍值得关注,2024-03-21,0.9993926379356985
中信建投：增进“股东权益”有望成为A股新生态,2024-03-20,0.9903311044785169
皮海洲：规范大股东减持行为还须从源头做起,2024-03-20,0.8481372300148576
皮海洲：IPO现场检查通关率仅15％说明了什么,2024-03-19,0.027066081579324885
十大券商看后市：A股风险偏好有望继续修复 结构性机会显现,2024-03-18,0.8741783515690167
国泰君安：股市行情从超跌反弹过渡至横盘震荡,2024-03-18,0.9986820205171825
证券日报：上市公司加强市值管理可从三维度入手,2024-03-18,0.8983549506596386
海通证券：短期关注行业补涨轮涨机会 中期维度白马是主线,2024-03-17,0.9999637381811077
招商基金总经理徐勇解读！一揽子系统化举措 推动A股繁荣发展,2024-03-17,0.9993790592083805
经济日报金观平：证监会集中发布4项政策文件 助力资本市场行稳致远,2024-03-17,0.9844912738891066
中金公司：保护“市场之本”合法权益 促进资本市场高质量发展,2024-03-17,0.9918391266736607
中信证券：“组合拳”体现“两严两强”监管思路 促进完善资本市场长期稳定发展体制机制,2024-03-17,0.9999897879605066
证券日报：打造监管铁军 护航资本市场行稳致远,2024-03-16,0.9989055033642468
桂浩明：对今年春季行情的再思考 警惕某些不确定因素,2024-03-16,0.979313268593361
国海富兰克林狄星华：今年美股或保持强韧 AI热潮下算力需求井喷,2024-03-15,0.47171401100163046
转融券“T+1”将重塑短线交易生态,2024-03-15,0.868529155751982
华生：股市新期待 从为融资者服务到以投资者为本,2024-03-13,0.9976212307120245
皮海洲：把现金分红与强制退市制度结合起来,2024-03-12,0.885295984028471
中信建投陈果：震荡整固中把握三条线索,2024-03-11,0.9947990349898435
国泰君安：未来两个季度股市的投资机遇要多于风险 但依然是结构性的,2024-03-11,0.9999694021002953
渣打中国财富管理王昕杰： 中国股票估值 极具吸引力,2024-03-11,0.9816166832066076
皮海洲：如何防范以“圈钱”为目的企业IPO上市？,2024-03-11,0.7871445967808387
民生证券：AI驱动生产力大变革 看好人工智能叠加信创所带来的市场机遇,2024-03-10,0.9716474951570914
兴证策略：以险资为代表的绝对收益资金加仓或成为市场未来一段时间最具确定性的增量,2024-03-10,0.9996894444738595
桂浩明：本轮股市杀跌已基本结束 但不能判断大盘已经完全走好,2024-03-09,0.7277037977580831
皮海洲：规范高管买卖股票远胜过对高管卖出股票的封堵,2024-03-09,0.8863082389809402
贺宛男：股市如何“强基”？当然可以从两头下功夫,2024-03-09,0.9674722225735986
文兴：珍惜当下来之不易的投资机会 长期看好具备弯道超车能力的产业和企业,2024-03-09,0.9977805833467033
应健中：沪指3000点依然是安全区域 大盘蓝筹股是市场走强的基石,2024-03-09,0.8585111221212248
中信建投陈果：科技成长为代表的“新质生产力”或依然是下一阶段重点,2024-03-08,0.9996862432535062
中信建投：建议重点关注北向资金青睐的板块和个股,2024-03-06,0.9977546924362339
广发基金姚曦：春节假期消费火爆 看好中长期消费板块表现,2024-03-05,0.11766231934046578
中金：市场涨势或延续 3月相对看好小盘成长风格,2024-03-04,0.9992220250501628
华泰证券：当前超跌反弹或基本到位 后续审美或向景气回归,2024-03-04,0.9318605117421328
华宝基金周晶：AI革命带动科技浪潮 美股科技股上涨仍有空间,2024-03-04,0.9748020345827514
海通证券：短期白马稳定资产是稳健之选,2024-03-03,0.9630582890641208
申万宏源：主题投资活跃 短期关注AI算力、AI应用、机器人等,2024-03-03,0.9982755201719232
国泰君安：预计3月中旬以前市场有望维持中级反弹趋势,2024-03-03,0.6669298646644956
应健中：万亿天量凸现A股围城现象 跟着主力品种走会获得丰厚回报,2024-03-02,0.9495042950453837
刘柯：美股七巨头凭何受热捧？基本面展现出了强大的硬实力,2024-03-02,0.9994312977640228
减持苹果但长期持有可口可乐和美国运通 巴菲特是人间清醒还是过于保守？,2024-03-02,0.99947972030396
桂浩明：无论是投资者还是监管者 都要懂得珍惜股市的流动性,2024-03-02,0.999524812221528
贺宛男：A股走出底部靠价值 持续上涨看成长,2024-03-02,0.8893546514812037
中信建投：高景气成长风格优势逐步凸显 推荐关注四个方向,2024-03-01,0.9998374761778047
中金公司：3月主要超配通信设备、高端机械、半导体等行业,2024-03-01,0.7293452870861705
银河证券：3月A股有望持续回暖 建议战略性布局科技、电力等板块里的价值股,2024-02-29,0.19135031381331757
长城基金汪立：市场修复还在进行 险资仍在增配股票,2024-02-29,0.9993969186831194
吴晓求：IPO资金不是ICU的资金 不要将IPO资金ICU化,2024-02-28,0.9995545540755494
证券日报：英伟达市值超2万亿美元给A股公司三大启示,2024-02-28,0.06571798416092978
国泰君安：预计短期主题热度有望维持 方向选择需密切跟踪新兴科技领域,2024-02-27,0.9998686558709455
中金公司：2月初至今的修复行情仍有望延续,2024-02-26,0.9975064676975554
中信证券：流动性抱薪AI点火 看好产业趋势板块反弹,2024-02-26,0.752781207717453
博时基金桂征辉：看好后市 当前宜大小盘股均衡配置,2024-02-26,0.9130816267032581
证券日报：证监会龙年首场发布会传递出什么信息？,2024-02-26,0.9799336783144018
海通证券：支撑行情展开的积极因素仍在积累,2024-02-25,0.9993597011281187
中信建投：国资委召开AI专题会 产业建设有望进一步加速,2024-02-25,0.5977634419307055
杨德龙：大盘重回3000点意义重大 标志着市场反转趋势进一步确立,2024-02-24,0.40285938961348444
皮海洲：IPO主动撤回仍遭处罚是“申报即担责”,2024-02-24,0.21311722822003387
皮海洲：为什么会有超过6成的投资者支持A股实行T+0交易制度,2024-02-23,0.86064315576695
东莞证券杨博光：2024年A股市场机会大于风险 宜重视投资配置与结构,2024-02-22,0.9992013536408945
30余位“首席”把脉龙年投资主线：AI成最热关键词 看多这些主题,2024-02-22,0.9988330347746317
四大外资公募掌门人畅谈A股机遇：中国市场迎来长线布局良机,2024-02-20,0.9031466060334028
机构投资者接力加大入市力度正当时,2024-02-20,0.8587677423710817
五大券商首席研判：节后A股上行空间较大 科创成长机会较多,2024-02-19,0.9869707261035946
国泰君安：从“交易底”到“预期底” 市场风格走向均衡 兼顾红利与主题,2024-02-19,0.9999804787067913
安信基金陈振宇：便宜是硬道理 当前很适合做价值投资,2024-02-19,0.9892020627445526
兴证全球基金乔迁：不用过度关注短期因素 把握长期确定性机会,2024-02-19,0.9976671659725442
方正富邦基金首席权益投资官汤戈：结构性行情概率大 看好三大板块,2024-02-19,0.9976419719650857
中金策略：投资者情绪有望继续改善 A股节后有望迎来“开门红”,2024-02-18,0.9683926800953907
中信证券：反弹步步为营 防御转向均衡,2024-02-18,0.9954539640097856
招商策略：市场有望逐渐筑底回升 A股走成类似2016年的概率进一步加大,2024-02-18,0.7523695540996825
海通证券：市场或迎来底部的第一波反弹行情,2024-02-18,0.9307928372718702
东吴证券：2024年是A股新一轮的牛市起点之年 成长风格将崛起,2024-02-18,0.9973506552180003
东吴证券陈李：2024年最值得期待的两大趋势 将为投资者带来回报,2024-02-18,0.997387791525468
摩根士丹利基金雷志勇：龙年看好科技成长、困境反转板块,2024-02-18,0.9977724998557314
重磅研判！五大券商首席：预计节后A股上行空间较大,2024-02-15,0.07607116642066447
华泰证券：24年春节多项出行与消费数据同比显回暖态势,2024-02-15,0.6900770340745023
申万宏源：当前市场性价比已经来到历史级别高位,2024-02-15,0.9343778967434361
景顺长城基金总经理康乐：坚定中国信心 拥抱科创时代,2024-02-13,0.9997981662362063
贝莱德基金首席投资官陆文杰：龙年中国权益市场的超额回报值得期待,2024-02-13,0.9995118006179605
东方港湾但斌：科技周期或将成为下一轮牛市的根基,2024-02-12,0.7138715566862893
国泰基金程洲：看好医药和必选消费 金融板块整体偏谨慎,2024-02-11,0.9995998497102312
首席展望丨富达基金孟峤：国际投资者龙年更看好哪些中国资产,2024-02-10,0.9994929828074595
富国基金王乐乐：经济边际压制因素在减弱 期待市场出清后的修复,2024-02-09,0.9848089724710303
创金合信基金苏彦祝：在磨底阶段中坚定信心,2024-02-09,0.9999929629907883
天风证券：医疗器械产业出海主要看渠道建设和客户结构,2024-02-08,0.45895346074257004
永赢基金高楠：围绕泛科技领域 从应用角度寻找结构性机会,2024-02-08,0.9999993838023911
国海证券：2月超跌反弹首选景气成长 维持成长+高股息哑铃型配置思路,2024-02-07,0.9999989689387155
天风证券：未来精细化工新材料领域有望成为主要投资方向,2024-02-07,0.999948289559942
中金公司：政策面的积极变化有助于投资者信心的提振,2024-02-07,0.9901925755042581
中信建投：寿险行业长期有望迎来资负两端共振改善的“戴维斯双击”,2024-02-06,0.6803901493098218
招商证券：建议关注电子、计算机、机械、医药等新质生产力方向,2024-02-06,0.9118611571907229
中信建投策略陈果：立足“三低” 静待转机,2024-02-05,0.9871640189074142
国泰君安：股票市场将进入磨底阶段 低风险特征的资产相对优势未结束,2024-02-05,0.9998434584343221
刘煜辉：应尽快建立平准基金 依托透明化制度夯实预期,2024-02-04,0.9972063765733448
杨德龙：全面分析当前市场走势 找到决定后市走势的关键因素,2024-02-04,0.9809309023013053
中信证券：当前股票质押风险整体可控,2024-02-03,0.988852716151134
九圜青泉科技首席投资官陈嘉禾：谁在市场底部买入？,2024-02-03,0.9942503191674571
桂浩明：引入逆周期调控思路应对杠杆交易风险,2024-02-03,0.991271062123437
杨德龙：当前市场已经出现非理性下跌 被错杀的优质龙头股投资价值凸现,2024-02-03,0.833052070377503
杨德龙：当前市场已出现非理性下跌 呼吁国家队增加救市力度,2024-02-02,0.07610736280939645
华夏基金张景松：关注成长风格机会 国产化和出海为两大投资逻辑,2024-02-01,0.9999407205121666
证券日报：压实投行责任 让恶意闯关者付出沉重代价,2024-02-01,0.9959197276200266
吴晓求：当前最重要的是恢复投资者信心 先“止血”,2024-01-31,0.998655489182173
中金公司：短期市场具备一定修复动能 对中期表现不必悲观,2024-01-30,0.9872989001346824
富达基金总经理黄小薏：经济周期如四季更替 中国正迎长期布局良机,2024-01-30,0.8756199076709666
中信建投：融券机制优化 逆周期调节强化市场信心,2024-01-30,0.9957128824328727
皮海洲：全面暂停限售股出借是市场纠错的第二步,2024-01-30,0.9853239966132317
银河证券章俊：政策持续加码 静待上行空间,2024-01-30,0.9008382192104675
鹏华基金梁浩： 积极因素逐渐累积 A股长期投资价值凸显,2024-01-29,0.9888749810549057
中银证券管涛：今年中国经济能实现温和复苏 A股中小成长风格或占优,2024-01-28,0.9990924620918729
中信建投：建议重点关注“中特估”新一轮机会 策略上关注分红、股票回购、并购重组等思路,2024-01-26,0.9998405847126991
10万亿资管巨头发声！中国股市具备估值修复机会 经济有望温和复苏,2024-01-26,0.9902820778972704
海通证券林加力：2024年关注高股息策略 持续看好优质中小银行,2024-01-25,0.9406021484277644
中金：未来3-6个月建议关注景气回升与红利资产的攻守结合,2024-01-23,0.988061628270916
中信建投：一旦有利好催化 市场随时将展开反弹,2024-01-22,0.9941129712596807
皮海洲：借钱也要分红 对这种“掏空式”分红公司IPO应掏红牌罚下,2024-01-22,0.4452462351320843
民生证券胡又文：全年对股市保持乐观 建议四个布局方向,2024-01-21,0.9862992609297
国泰君安：“单针探底”开启底部重塑 原仓持有耐心等待,2024-01-21,0.7441662628203103
海通证券：当前市场大概率已处在底部区域 关注大金融等,2024-01-21,0.9063513410577306
黄燕铭最新发声：仍看好“高分红、低波动” 年中市场或将现转机,2024-01-21,0.9572857804266163
申万宏源策略：超跌就会有反弹 但反攻仍有待积极因素累积,2024-01-21,0.770742724801799
贺宛男：三大利好为何拉不动A股？ 问题到底出在哪里？,2024-01-20,0.668841571583731
日经指数屡创新高 流动性是关键,2024-01-20,0.5901526169023738
应健中：从快速探底中看市场趋势 低于年线300点会引发大级别反弹,2024-01-20,0.6666541308462685
引进长线资金的困惑在哪里,2024-01-20,0.9978633677354249
海通证券荀玉根：三路资金有望为市场提供增量,2024-01-19,0.9763289659417689
康曼德资本丁楹：2024年仍以结构性机会为主 看好AI、医药,2024-01-18,0.998006016422925
申万宏源周海晨：长期资金入市可期 静待政策催化窗口,2024-01-18,0.8731825243256658
中金公司：短期不建议过度追高日股,2024-01-17,0.10474555036016964
十大券商看后市：A股拐点或即将到来 春季躁动窗口期仍未关闭,2024-01-15,0.2977827790499832
把脉新年市场！洪灏：中美利差有望收窄 A股港股都有交易性机会,2024-01-15,0.5740414741530959
中信建投陈果：若本周降准降息落地 或推动市场反弹,2024-01-15,0.9692474953725574
民生证券：煤价延续震荡 看好高股息下板块估值提升行情,2024-01-14,0.998961956635523
千亿全球资管巨头：中国股市复苏将一触即发,2024-01-14,0.9810787868580495
开年爆火！现在高股息率股票还值得投吗？7000字最新解读来了,2024-01-14,0.6630171279134588
杨德龙：春种秋收 布局优质龙头股正当其时,2024-01-13,0.16685595604869607
桂浩明：如何看待中国神华市值超过宁德时代？,2024-01-13,0.9354962568240482
中信证券：目前核电正站在新一轮高质量成长周期的起点,2024-01-10,0.9994430733809353
银河证券：2024年A股震荡向上概率较大 上半年成长价值风格相对均衡,2024-01-10,0.9928182071114534
兴业证券张忆东：2024年投资主线是在各领域寻找“卷王”,2024-01-10,0.9997370592334962
中金：北交所流动性持续增加 半导体产业链迎布局机会,2024-01-09,0.7244207546133138
银河证券：科创板估值有望触底回升,2024-01-08,0.45119006254418204
民生证券：看好煤炭板块持续的估值提升行情,2024-01-08,0.9522787276708327
徐翔妻子应莹：目前上证指数已在2882见底 未来将继续进行中级反弹,2024-01-08,0.9361468357921694
万家基金黄海：今年市场或迎转折 看好三大领域,2024-01-08,0.9977264107840379
万家基金叶勇：大宗商品牛市格局确立 A股有望迎来修复性行情,2024-01-08,0.9957418895923563
中国人民大学吴晓求：停一停IPO挺好的 改革要转向建设“投资市场”,2024-01-07,0.9999508313357676
应健中：以2972点为基点布局年报行情 前期要提前潜伏,2024-01-06,0.9782991286015047
皮海洲：严厉打击财务造假这项工作有必要从三方面加以改进,2024-01-06,0.3270534781082317
