标题,时间
申万宏源：AI的“iPhone 4”时刻已出现 硬件和应用主题行情正当时,2025-03-11
专访全国人大代表、清华大学田轩：逐步提升IPO节奏、强化退市引导 打造股市“健康牛”生态,2025-03-11
银河证券：A股市场迎来结构性估值重塑机会,2025-03-11
北京商报：A股稳定发展既要长钱也要短钱,2025-03-11
十大券商看后市｜A股风险偏好或持续回升 科技成长仍是主线,2025-03-10
华泰证券：短期视角对港股不宜悲观 中长期仍坚定看好中国资产重估行情演绎,2025-03-10
中信建投策略陈果：关注景气与价格改善方向,2025-03-10
北京商报侃股：大比例现金分红提升A股韧性,2025-03-10
皮海洲：以平常心看待A股融资余额再次突破1.9万亿,2025-03-10
全国政协委员、国泰君安国际董事会主席阎峰：当前是全球投资者增配中国资产黄金窗口,2025-03-10
申万宏源：科技强市场才强 全面支持科技创新成为各部委共识,2025-03-09
兴业证券：20张图精析本轮港股行情 南下资金或是本轮做多港股的主力资金,2025-03-09
华金证券：三月延续震荡偏强 建议均衡配置科技和顺周期等行业,2025-03-09
海通策略：近期外资正阶段性回流中国市场 以短线灵活型为主,2025-03-09
国盛证券：AI Agent时代算力消耗陡增 看好算力基建机遇,2025-03-09
鹏华闫思倩：我们正经历从平凡到非凡 机器人是新的国之重器,2025-03-08
全国人大代表、河南证监局局长牛雪峰：建议强化数据归集共享 健全上市公司异常线索发现机制,2025-03-08
全国政协委员、申万宏源证券研究所首席经济学家杨成长：五方面完善配套措施 推动中长期资金入市,2025-03-08
瑞银：预计今年沪深300指数成分股每股盈利增长6% 指数升幅或将更高,2025-03-07
北京商报侃股：上市公司易主也是一种优化升级,2025-03-07
关于未来投资机会 千亿私募景林发声,2025-03-07
高盛五大宏观情景模拟：当前局面最有利中国股票？,2025-03-06
中信证券：预计市场信心修复将从科技领域逐步扩散到经济领域,2025-03-06
李大霄：多项利好消息释放 或推动股市持续走好,2025-03-06
中信建投：夯实“重估牛”基础 科技主线更加明晰,2025-03-06
北京商报侃股：围绕主业的并购重组是大趋势,2025-03-06
中金公司：A股市场已过重山 底部大概率已经出现,2025-03-06
长城证券汪毅：看好中国资产与黄金的投资机会,2025-03-06
中金公司：A股全年市场整体表现有望好于2013年,2025-03-05
北京商报侃股：绩优股的安全边际在调整期更为突出,2025-03-05
杨德龙：当前人形机器人板块总体市值仍较小 未来增长空间巨大,2025-03-05
机构策略：“两会”的政策预期或能给予A股较好支撑,2025-03-04
中金公司：“固收+港股”策略正当其时,2025-03-04
北京商报侃股：估值提升计划要让股民有获得感,2025-03-04
杨德龙：这轮科技牛行情有深刻逻辑 坚定信念才能把握机会,2025-03-04
华尔街展望美股前景：防御将成主流 过往赢家被抛弃,2025-03-03
银河证券：A股市场有望呈现出震荡上行特征,2025-03-03
华泰证券A股策略：以低位景气改善品种应对扰动,2025-03-03
中信建投：外部扰动稳定之后 春季行情依然有望继续,2025-03-03
中金公司：短期AH价差仍有收窄空间 港股上涨弹性有望好于A股,2025-03-03
七位公募首席前瞻两会：内需驱动可持续增长 科技与消费或成投资主线,2025-03-03
摩根士丹利中国首席经济学家邢自强：科创信心回暖 中国资产迎重估潮,2025-03-03
融通基金李进：聚焦“人工智能+”投资机会,2025-03-03
信达证券：指数向上突破的迹象出现 逐渐开启牛市第二波上涨,2025-03-02
兴业证券：如何看近期科技板块的调整以及市场风格变化？,2025-03-02
国金证券：“波动率”再起、成长分化 增长型红利价值凸显,2025-03-02
中泰证券：本轮科技行情是否会复刻2015年科技牛市？,2025-03-02
华安证券：本轮成长科技行情基本结束 行业机会重回轮动,2025-03-02
华金证券：春季行情未完 进入后半段 科技仍是主线,2025-03-02
长城证券：科技引领“中国资产”价值重估进度加快,2025-03-02
申万宏源：短期顺势调整 中期趋势不改,2025-03-02
中原证券：A股宽幅震荡 建议投资者把握结构性机会,2025-03-02
光大证券：积极把握春季行情 关注科技成长及消费两条主线,2025-03-02
光大证券：C919步入快速交付期 国产大飞机万亿赛道崛起,2025-03-02
国泰君安证券：“转型牛”主线 科技创新引领资本市场新周期,2025-03-01
桂浩明：为什么外资投行争相调高中国股票评级？,2025-03-01
证券日报：A股公司估值提升计划呈现三大亮点,2025-03-01
中信建投：关注两会政策 科技仍有望是主线,2025-02-28
险资机构2025年资产配置策略：债券仍是首选 对A股市场持乐观态度,2025-02-28
东吴证券：目前市场风格可能仍以成长类+制造类为主,2025-02-27
北京商报侃股：IPO排队数量下降说明A股更成熟,2025-02-27
摩根资产管理杜猛：中国科技价值重估或刚开始,2025-02-26
皮海洲：督促长期破净公司早日出台估值提升计划,2025-02-26
北京商报侃股：部分机构投资者追涨杀跌有失专业性,2025-02-26
北京商报侃股：A股高成交量有多重利好效应,2025-02-24
皮海洲：外资机构唱多中国股市 A股上涨何以小心翼翼,2025-02-24
光大证券：积极把握春季行情 关注科技及消费两条主线,2025-02-24
桂浩明：不乏连续大涨的品种 香港“红底股”因何光彩夺目,2025-02-22
国泰君安：支撑“转型牛”的一个条件两大逻辑,2025-02-22
非ST公司一元退市机制优化与投资者权益保护路径探析,2025-02-22
中信证券：A股盈利仍处于底部阶段 三条线索追踪结构亮点,2025-02-21
汇添富稳健收益部基金经理胡奕：当前“红利+”仍具备投资价值,2025-02-20
杨德龙：2025年A股和港股投资机会有望增多,2025-02-19
杨德龙：A股和港股将迎来牛市第二波行情,2025-02-18
华泰证券：科技引领下中国资产重估有望迈入新阶段,2025-02-18
北京商报侃股：大型银行股持续走强是大势所趋,2025-02-18
北京商报侃股：港股持续走强利好A股估值抬升,2025-02-17
十大券商看后市｜A股当前仍处春季躁动 积极把握做多窗口期,2025-02-17
华泰证券：科技成长板块后续仍有热点扩散、内部高低切换的机会,2025-02-17
中金公司：部分有望受益于AI应用的行业当前估值性价比更高,2025-02-17
中金：谁是港股本轮上涨买入的主力？,2025-02-16
杨德龙：外资机构积极看多做多中国股票 牛市第二波行情初具雏形,2025-02-15
中金公司：DeepSeek崛起叠加美元流动性趋松 触发中美资产重估,2025-02-14
富国银行：预计标普500指数年底可能达到6600点,2025-02-14
杨德龙：蛇年开年股市小步慢走 有望酝酿牛市第二波行情,2025-02-14
熊锦秋：从四方面进一步完善上市公司回购规则,2025-02-14
中信证券：积极把握AI板块近期回调带来的投资机会,2025-02-13
华泰证券：三大维度筛选供给侧反转机会,2025-02-12
外资轮番唱多做多中国股票 高盛预计MSCI中国指数今年将上涨14%,2025-02-12
汇丰：DeepSeek提振信心 AI板块有望成一季度A股热点,2025-02-11
杨德龙：外资投行纷纷看多中国股票 后市有望量价齐升,2025-02-11
北京商报侃股：投资者如何应对量化+AI,2025-02-10
中信建投策略陈果：跨年行情正如期展开 留意结构交易过热,2025-02-10
华金证券：短期继续聚焦科技成长 关注大金融和部分消费等行业,2025-02-09
中信建投：市场迎来阶段性反弹 春季躁动行情值得期待,2025-02-08
桂浩明：从战略投资角度看中长期资金入市,2025-02-08
又一外资唱多中国！美银：美股全球主导地位衰落 建议做多中国股票,2025-02-08
民生证券：科技龙头股创新高背后隐藏泡沫风险,2025-02-07
北京商报侃股：压岁钱买沪深300ETF或是不错选择,2025-02-07
中信建投：建议积极把握AI应用、机器人、新兴消费等快速成长方向,2025-02-06
中信证券：市场风格有望实现由极致高波向低波的转换,2025-02-06
北京商报侃股：科技股的投资价值不能只看业绩,2025-02-06
玄元投资杨夏：今年可能先涨流动性后涨基本面 关注三大投资机会,2025-02-06
皮海洲：中长期资金入市利好白马蓝筹股,2025-02-05
国金证券：重视“春季躁动” 偏向中小盘科技成长,2025-02-05
万家基金莫海波：成长类资产估值修复空间更大,2025-02-05
重阳投资董事长王庆：A股价值底已经非常坚实,2025-02-05
华安合鑫董事长袁巍：“高股东回报”特质股票配置价值凸显,2025-02-05
华创证券董广阳：蛇年消费板块行情大概率好过去年,2025-02-02
施罗德基金安昀：中国市场估值有吸引力 关注三类投资机会,2025-02-02
预见金蛇｜施罗德基金安昀：科技和消费将成为2025年市场主要驱动力,2025-02-02
首席展望丨中信建投陈果：蛇年A股有望趋势向上 AI+是配置主线,2025-02-01
申万宏源王胜：汇率或是蛇年A股市场的核心变量,2025-01-31
贝莱德神玉飞：市场仍将保持成长风格 关注两大政策主线,2025-01-31
方正证券：前瞻布局的头部车企2025年有望尽享海外红利,2025-01-30
摩根士丹利徐然：看好银行板块 高收益股息率标的是首选,2025-01-29
摩根资产管理杜猛：A股优质公司或有“戴维斯双击”机会 主动管理大有可为,2025-01-29
中金：预计2025年海内外科技厂商AIDC投建狂潮延续,2025-01-27
华宝基金钟奇：寻找景气度高成长性好行业,2025-01-27
海通策略：春季行情有望徐徐展开，市场步入基本面驱动新阶段,2025-01-26
国金证券：AI数据中心发展驱动核电复兴 模块化小堆迎来新机遇,2025-01-24
银河证券：中长期资金入市加快 看好公用事业配置价值,2025-01-24
李大霄：解决中长期资金入市的痛点堵点 中国股市有希望了！,2025-01-23
全球最大主权财富基金CEO建议：卖美国科技股、买中国资产,2025-01-23
外资公募展望中国市场：股市韧性足债市稳健性高,2025-01-23
摩根大通CEO：美股资产价格有点虚高,2025-01-23
复盘2024 展望2025！中欧基金周蔚文、葛兰、蓝小康、刘伟伟四季报最新观点出炉,2025-01-22
“价值派”基金经理姜诚：对长期判断更加乐观,2025-01-21
国金证券：“春季躁动”行情或进入全面加速期 结构上重视“科技牛”,2025-01-21
国泰君安：市场有望逐步企稳 关注前期表现、估值与景气的行业,2025-01-21
十大券商看后市：A股春季攻势或将提前 审慎参与超短线情绪博弈,2025-01-20
中信建投：继续积极布局 回调就是良机,2025-01-20
国海富兰克林基金徐成：港股仍有较大估值修复空间,2025-01-20
中信建投：AI眼镜成本曲线大幅下探 2025年有望成为其爆发元年,2025-01-19
贝莱德重磅发声：A股市场2025年有更多投资机会,2025-01-18
外资巨头展望2025年中国市场：看好宏观经济韧性 股债行情均可期,2025-01-18
北京商报侃股：频繁买卖是散户收益不佳的主要原因,2025-01-17
险资如何看2025年A股？提高权益投资比例？最新调查来了,2025-01-15
瑞银证券中国策略分析师孟磊：A股有利于“耐心资本”投入 看好科技板块,2025-01-14
海通期货李井伟：对稳住楼市股市的几点思考,2025-01-14
华泰证券：春节后资金面有望迎来改善窗口期 关注机器人等概念,2025-01-13
西部利得基金杜朋哲：消费红利策略适合当下市场,2025-01-13
太平基金张子权：政策市场双重支持 红利资产价值凸显,2025-01-13
海通策略：历史上春季行情年年有 2025年春季行情或正孕育中,2025-01-12
桂浩明：个人养老金很难成为A股市场的重要资金来源,2025-01-11
贺宛男：央企和国企的并购交易距做优做强还有距离,2025-01-11
中国银河证券：2025年维持“哑铃型”配置策略 重点关注AI应用,2025-01-09
北京商报侃股：“A字杀”的股票多数偏投机,2025-01-07
中信证券：2025年垄断型红利的可持续兑现能力更强,2025-01-07
皮海洲：把严打编造传播股市谣言行为落到实处,2025-01-07
鑫元基金李彪：消费、新质生产力将是投资主线,2025-01-07
郭施亮：尽快落实散户允许T+0 机构实施T+1,2025-01-06
段永平重回浙大畅谈投资：不怕错过机会 最重要是不踩雷 黄峥不是一个趋利的人,2025-01-06
十大券商看后市：短期回调是布局机会 春节前股指有望企稳,2025-01-06
中信建投：中期牛市不变 短期回调是机遇,2025-01-06
中泰证券：当前时点可逢低布局低位央国企+硬科技产业链,2025-01-06
天风证券：如何看待A股开年调整？,2025-01-06
超六成私募看多2025年市场 科技与内需板块受青睐,2025-01-06
华泰证券：中国PFA市场有望较快放量 预计潜在规模超百亿元,2025-01-05
杨德龙：A股开年的调整并不会改变全年上行趋势,2025-01-04
华泰证券：互换便利机制灵活调整 有望为资本市场持续带来“活水”,2025-01-04
去年12月份私募机构合计调研逾1600次 半导体行业成热点,2025-01-04
证券时报头条评论：引导上市公司破产重整形成多赢局面,2025-01-03
莫泰山：有理由期待2025年A股延续温和上涨 权益资产将更具性价比,2025-01-02
景林“内部信”曝光：积极寻找中国经济再增长过程中受益的企业,2025-01-02
千亿私募最新发声：2025年关注这个选股“金标准”、看好这些方向,2025-01-02
中信建投：关注潜在政策发力受益方向 AI+是中期产业主线,2025-01-02
兴业证券张忆东：2025年A股或将迎来主升浪行情 把握两大投资主线,2025-01-02
宝盈基金杨思亮：把握三大发展机遇 消费将成投资主线,2025-01-02
信达澳亚基金：盈利和估值修复共振 科技为“矛”红利做“盾”,2025-01-02
嘉实基金：保持耐心和信心 关注先进制造红利资产,2025-01-02
北京商报侃股：银行股领涨的市场意义,2025-01-01
华泰策略：A股或进入存量博弈窗口期,2025-01-01
皮海洲：央行报告抓住了中国股市退市环节的要害问题,2025-01-01
中信建投：市场整体预计仍以震荡为主 风格预计逐步回归业绩大票,2024-12-31
开源证券：红利资产占优背后的驱动因素与未来展望,2024-12-30
华金证券：明年1月A股或延续震荡偏强 中小盘成长占优,2024-12-30
中信建投：明年一季度有望适时降准降息 预计市场将在明年初延续中枢震荡上行趋势,2024-12-30
皮海洲：“退市名单”何以让A股市场谈虎色变,2024-12-30
海通策略：2025年A股全年净增量资金或达2万亿元,2024-12-29
桂浩明：稳住股市背后蕴含着三重含义,2024-12-28
应健中：2025年是股市投资大年,2024-12-28
银河证券：2025年A股市场有望呈现出螺旋式震荡上行特征,2024-12-27
中信证券：低利率环境下红利资产仍有配置空间,2024-12-26
中信建投：小盘和贝塔风格拥挤 零售赛道拥挤提升,2024-12-26
华泰证券：退市新规落地或加速市场“新陈代谢”,2024-12-26
杨德龙：2025年A股和港股有望延续牛市走势,2024-12-26
皮海洲：夯实“看门人”责任 对保荐机构的惩处不能挠痒痒,2024-12-25
富达国际：当前风险收益比很“划算” 是参与A股好时机,2024-12-25
北京商报：涨停股数量变少说明市场更理性,2024-12-24
中金公司：中期A股红利资产可能更多体现为阶段性、结构性机会,2024-12-23
国泰君安：跨年反弹行情仍会延续 重点不在股指而个股将活跃,2024-12-23
海通证券：市场震荡休整中阶段性关注红利 中期科技制造及中高端制造是主线,2024-12-22
海通证券：AI ASIC有望迎来爆发式增长 关注产业链投资机会,2024-12-22
桂浩明：ETF火热 指数化投资渐成气候 是投资理性的一种回归,2024-12-21
贺宛男：央企高度重视控股上市公司破净问题释放什么信号,2024-12-21
皮海洲：“稳住股市”给明年的A股市场吃了定心丸,2024-12-20
皮海洲：鼓励多次分红应消除红利税征收的不利影响,2024-12-19
中信建投：国资委央企市值管理意见出台 行业估值回归可期,2024-12-19
申万宏源：2025年核心资产或迎困境反转,2024-12-18
华泰证券：短期市场或仍维持“上有顶、下有底”的状态,2024-12-16
中信建投陈果：淡定面对波动 跨年行情继续,2024-12-16
农银汇理基金经理张燕：科技成长有望继续引领“春季躁动”,2024-12-16
瑞士百达郭韶瑜：人工智能仍是全球市场长期投资主线,2024-12-16
海通证券：拉长时间来看A股被动资金定价权望持续提升,2024-12-15
华创证券：看好2025年交运行业 积极配置弹性方向,2024-12-15
跨年行情开启？六位基金经理重磅解读来了,2024-12-15
最看好信息技术的投资机会！摩根大通展望2025年中国股市：价值或优于成长,2024-12-14
中信建投：随着政策刺激力度加码 顺周期餐饮链有望率先受益于预期改善,2024-12-13
中金：后续一段时间仍将是政策落地的窗口期 有助于提振投资者信心,2024-12-13
皮海洲：券商并购重组缘何少了些许市场掌声？,2024-12-13
经济日报：“稳住股市”有力引导稳定预期,2024-12-12
皮海洲：上市公司董监高短线交易所得应统一上缴国库,2024-12-12
国盛证券熊园：对政策、对市场可以更乐观,2024-12-12
国泰君安：A股有望走出跨年行情,2024-12-12
摩根大通展望2025年股市：价值优于成长 信息技术主题最被看好,2024-12-12
北京商报：货币政策适度宽松利好A股估值提升,2024-12-11
曹中铭：股市炒玄学凸显三大问题,2024-12-11
政策组合拳提振信心 公募：中国资产将迎来估值再提升,2024-12-11
清华大学国家金融研究院院长田轩：解决股市痼疾 迎接健康牛,2024-12-10
中金公司：把握岁末年初行情 A股大底形成中,2024-12-10
中金：A股市场未来面临从估值驱动到盈利驱动的切换,2024-12-09
国泰君安：积极备战跨年反弹,2024-12-09
中信证券：减肥药产业趋势有望进一步明确 有望形成跨年度主题行情,2024-12-07
申万宏源钱启敏：热点“避实就虚” 后市将回归基本面,2024-12-07
贺宛男：临近年底 资金更加关注业绩,2024-12-07
浙江大学研究员：退市赔偿应以非ST股“面退”为抓手,2024-12-07
皮海洲：玄学炒股无厘头 炒作“蛇”概念当心被“蛇”咬,2024-12-06
专家展望2025年投资形势：中国经济韧性十足 A股市场蕴藏多重机会,2024-12-05
股市不是玄学 玄学炒作属于恶意投机,2024-12-04
中原证券发布2025年A股市场投资策略：行之有道 稳中有进,2024-12-04
中信证券：并购重组支持政策持续加码 需要关注两大方向,2024-12-04
熊锦秋：应强化对违规入股和突击入股的穿透监管,2024-12-03
十大券商看后市：A股有望再迎修复窗口 跨年行情值得期待,2024-12-02
西南证券叶凡：稳增长政策有望加码 新一轮行情或开启,2024-12-02
银河证券：“跨年行情”值得期待 市场有望震荡向上,2024-12-02
中泰证券：短期对市场维持偏乐观 关注科技与顺周期,2024-12-02
国信证券：明年并购重组题材仍有演进空间,2024-11-30
九圜青泉科技首席投资官：红利指数20年历史的投资启示,2024-11-30
桂浩明：市场有望呈现震荡上行格局,2024-11-30
安信基金张明：长期看好注重股东回报的绩优公司,2024-11-29
中金分析师刘刚：港股市场“密云不雨” 需要催化剂实现反弹,2024-11-29
中信建投陈果：牛市起点往往来自政策催化 明年是从流动性牛到基本面牛,2024-11-29
瑞银证券：看好成长风格跑赢价值风格,2024-11-29
对话中信建投陈果：看好2025年A股从流动性牛迈向基本面牛,2024-11-28
银河证券：明年A股将螺旋上行 新动能估值聚势提升 投资者应抓“以我为主”窗口,2024-11-28
光大证券：接下来市场有望迎来一波反弹修复行情,2024-11-28
皮海洲：涨幅1917％ 爆炒新股潜在巨大的投资风险,2024-11-28
国投证券：岁末年初爆发行情的可能性较大,2024-11-27
中信建投证券：A股市场有望成为全球资金配置的重要场所,2024-11-27
中信建投：2025年牛市有望从“流动性牛”逐步迈向“基本面牛”,2024-11-26
中金公司：个人投资者入市下增量资金驱动对小盘风格偏利好,2024-11-26
皮海洲：让并购重组告别“高承诺、高估值”定价模式,2024-11-26
熊锦秋：新三板市场操纵案可推动将罚没款补偿投资者,2024-11-26
海通策略：中期行情望由基本面驱动 科技制造及中高端制造或是中期主线,2024-11-24
光大证券：近期权益市场波动较大 前期涨幅较大的行业和板块有一定的回调压力,2024-11-24
华安证券：新的上涨契机等待宏观政策或经济短期改善预期再起,2024-11-23
陈嘉禾：投资需要自己做一把尺 将市场波动视为过眼云烟,2024-11-23
贺宛男：看到经济的转折点 长线资金才会源源而至,2024-11-23
皮海洲：允许下跌也要允许上涨 对股票上涨要多一份包容心,2024-11-22
中欧基金宋巍巍：从全球角度看 A股核心资产仍被低估,2024-11-22
海通证券：基本面终将改善 “心动”之后迎“幡动”,2024-11-22
证券日报：上市公司现金分红要答好“三张问卷”,2024-11-22
高盛：继续高配A股市场 内资对中国股票的定价权会越来越高,2024-11-21
皮海洲：A股市场波动不能怪罪于散户,2024-11-21
A股牛市结束了吗？中信建投陈果：资金犹豫怀疑 才有震荡慢牛,2024-11-19
光大保德信基金张芸：杠铃策略或是当下A股所处阶段的较好选择,2024-11-19
皮海洲：央国企上市公司将成为市值管理的主力军,2024-11-19
十大券商看后市：市场交易博弈特征明显 A股中期上行趋势不变,2024-11-18
国泰君安：把握大盘相对收益 围绕化债内需与自主可控积极布局,2024-11-18
银河证券：A股有望震荡上行 关注三大领域,2024-11-18
华泰证券：短期A股市场中枢震荡或仍为基准情形,2024-11-18
中信证券：展望2025年 科技产业投资主线将继续围绕AI展开,2024-11-15
中信建投：短期冲击结束后港股或迎来上涨行情,2024-11-15
广发证券戴康：A股牛市能涨多高关键看明年盈利兑现,2024-11-15
中金公司：明年A股盈利增长有望出现改善拐点,2024-11-15
陈果：A股宜牛市思维面对 对政策力度不用太担心,2024-11-14
杨德龙：A股走出独立行情 赚钱效应依然较强,2024-11-14
华泰证券：A股在明年下半年或具有β机会,2024-11-14
券商展望2025年A股投资：乐观预期成共识 多个赛道“划重点”,2024-11-14
中金：建议减配安全资产 增配风险资产,2024-11-13
中金：2025年投资者风险偏好有望整体好于2024年,2024-11-12
皮海洲：如何看待中国上市公司回购金额首超股权融资,2024-11-12
中信建投：市场仍将维持中期震荡上行趋势 大概率将演绎跨年行情,2024-11-11
中国银河证券：11月顺周期相关板块或短期相对受益,2024-11-11
西部利得基金盛丰衍： 兼具红利和潜力 央企有望成新“核心资产”,2024-11-11
证券日报：中长期资金要真正成为“时间的朋友”,2024-11-11
海通策略：财政政策发力或推动A股走向基本面驱动,2024-11-10
桂浩明：我们需要什么样的平准基金？,2024-11-09
经济日报：引导上市公司回报投资者 逐渐减少投机行为,2024-11-09
有效的信息披露治理是长牛的基础,2024-11-09
皮海洲：“IPO常态化”不是新股高速发行的代名词,2024-11-08
中金公司：非银、新质生产力行业、“两创”板块公司可能存在结构性机会,2024-11-04
中国银河证券：对后市科技板块持续反弹呈乐观态度,2024-11-04
证券时报：央国企分拆重组如何走出新路径？,2024-11-04
九圜青泉科技首席投资官陈嘉禾：选择股票的5个步骤,2024-11-02
中金公司：三季度非金融盈利仍待提振 金融盈利改善,2024-11-01
皮海洲：报喜鸟8亿元定增是实控人“低吸”的需要,2024-11-01
熊锦秋：应紧盯严防重大重组中的内幕交易,2024-11-01
高盛坚定看涨中国股票：美国大选后的2-3个月内料上涨！,2024-10-31
中信证券：港股中盘或是当前更好的选择,2024-10-31
中信建投：维持财政政策受益方向和景气度较高的科技板块的重点配置方向,2024-10-31
海通证券：未来并购重组三大投资方向或集中在科技股、制造龙头以及国有企业,2024-10-30
中信建投：重点把握并购带来的五大投资方向,2024-10-29
中国银河证券：中国资本市场面临估值重塑的大拐点大机遇,2024-10-29
中金公司：上市央企估值市值具备继续修复空间 重点关注三条投资思路,2024-10-28
中信建投陈果：“拉锯战”特征明显 中期牛市的核心逻辑没有改变,2024-10-28
中信建投：北证指数再创新高 关注三季报业绩,2024-10-28
中金：主动偏股型基金仓位回升 港股继续获得加仓,2024-10-28
农银汇理基金经理魏刚：哪些方向有望成为反弹先锋？,2024-10-28
十大机构论市：活跃资金持续入场 市场正处熊牛转换中,2024-10-27
桂浩明：北交所股票大涨的内在因素剖析,2024-10-26
银河证券：三个方向的并购重组专题投资较为值得关注,2024-10-25
证券时报：量化巨头放弃中性策略 几大因素值得一说,2024-10-25
皮海洲：在中国股市推出平准基金很有必要,2024-10-25
证券日报：外资加码中国背后的三大因素,2024-10-24
奶酪基金投资经理胡坤超：看好医药、消费及互联网,2024-10-23
中金公司：中期科技成长风格仍有望占优 重点关注半导体、消费电子、通信设备等,2024-10-22
皮海洲：央行支持股市发展两项新政落地对市场影响如何？,2024-10-22
华泰证券：11月中旬前科技成长风格或能延续优势,2024-10-21
中信建投：仍处牛市第二段“拉锯战” 可用牛市中的震荡期来看待,2024-10-21
桂浩明：告别急剧震荡行情 回归一种常态化格局,2024-10-19
施罗德：捕捉市场分化下的投资机会,2024-10-19
国泰君安：增量资金正从价值蓝筹向科技龙头切换,2024-10-18
证券日报：多路增量资金有望持续助力A股稳健运行,2024-10-18
杨德龙：保持理性和客观的心态 持有优质资产静待第二波行情,2024-10-17
中信证券：政策底明确 建议保持仓位配置,2024-10-16
深圳商报：给足信心 让增量资金乐在股市“安家”,2024-10-16
深圳林园投资董事长林园：A股正从“重融资”向“重回报”转变,2024-10-16
中金：结合三季报业绩关注三条投资主线,2024-10-15
证券日报：互换便利工具落地 将带给资本市场哪些改变,2024-10-15
华泰证券：高交投情绪之下板块性机会可能会发散 建议关注四条主线,2024-10-14
中金：“大底”形成走到哪一步了？,2024-10-14
中信建投：从中期看 内需顺周期复苏交易将成为市场重要投资线索,2024-10-14
八大外资机构把脉A股：政策组合拳“为持续性行情铺路”,2024-10-14
国泰君安：调整之后 股市将重振旗鼓,2024-10-14
申万菱信王赟杰：看好券商、新能源和红利三条主线,2024-10-14
海通策略：结构上科技及中高端制造或是中期主线,2024-10-13
外资解读一揽子财政增量政策：基调积极 化债相关支持力度较大,2024-10-13
国信证券王开：本轮财政刺激下 股市中长期或将企稳,2024-10-13
杨德龙：财政部将在近期陆续推出一揽子增量政策举措 有望推动股市重拾升势,2024-10-13
桂浩明：红利品种迎来重大投资机会,2024-10-12
皮海洲：股东减持成为套在A股市场头上的紧箍咒,2024-10-11
张忆东：相信反转的逻辑 市场分化后有三大主线值得中长期配置,2024-10-11
六大低估值行业潜力十足 机构看好15家公司未来3年前景,2024-10-11
证券日报：核心宽基ETF放量吸金的内在逻辑是什么？,2024-10-11
杨德龙：投资者应从熊市思维转向牛市思维,2024-10-10
支持资本市场的非银互换便利工具落地 华创证券：五大问题待明确,2024-10-10
任泽平：千金难买牛回头 倒车接人后再出发,2024-10-10
李迅雷：如何扩大长线资金入市比例？,2024-10-10
中信证券：目前市场仍处于由情绪主导的反弹第一阶段 中长期仍需关注具体的政策落实的方向以及效果,2024-10-10
中信建投：资金流动趋稳后 关注政策落地和三季报,2024-10-10
路博迈基金朱冰倩：震荡调整有助于市场走得更稳更好 接下来要关注三个指标,2024-10-10
中金：偏大盘蓝筹资产和部分创新领域有望受益于未来长期资金入市,2024-10-09
私募大咖李驰：中国股市迎来“世纪特大牛市”,2024-10-09
专访杨德龙：政策底与市场底重叠 形成共振引发牛市,2024-10-08
专访林园：现在是几十年不遇的机会 中国资产价值还是非常便宜的,2024-10-08
中金：节后A股短线上行趋势有望延续 中期“大底”条件仍在完善过程中,2024-10-08
中信建投：当前A股正在迎来一轮“信心重估牛”,2024-10-08
十大券商看后市：乐观预期继续推高A股 脉冲式上涨短期或持续,2024-10-08
金融政策全面提升投资者信心！申万宏源赵伟：应当适时推出平准基金,2024-10-07
杨德龙：一旦行情到来 这可能是十年一遇的好机会,2024-10-07
广发证券刘晨明：行情一波流还是牛市起点？A股决胜或在12月初,2024-10-07
经济日报金观平：发挥好中长期资金“压舱石”作用,2024-10-06
国金证券：反攻首选TMT（电子、计算机） 国防军工 医药生物等,2024-10-05
林园：市场在往牛市方向发展 中国资产此前被严重低估,2024-10-04
国金证券张弛：10月A股反弹开启 可重点关注中盘成长及消费,2024-10-04
中国资产大反攻 外资继续积极看多！达利欧：本轮刺激经济举措将成为历史性转折,2024-10-03
陈果：政策春风确立“信心重估牛” 牛市刚刚起步,2024-10-03
华安证券尹沿技：打开信心提升后的市场想象空间,2024-10-03
华泰证券：暑期手游市场规模同比微降 后续迎重点产品周期,2024-10-02
投资者是市场之本 综合施策保护投资者,2024-10-02
中信证券：政策提振信心 A股磨底进程有望提速,2024-10-01
瑞银房东明：一系列政策出台大超市场预期 标志着A股市场拐点出现,2024-09-30
瑞银王宗豪：上调MSCI中国指数目标价 从H股战术性调整至A股,2024-09-30
华泰证券A股策略：战术乐观 关注低位待补涨品种,2024-09-30
中金公司：A股市场辅助信号均已出现、政策信号开始显现、基本面信号或尚需等待,2024-09-30
皮海洲：推动中长期资金入市离不开股市的财富效应,2024-09-30
券商：中级行情启动条件已具备权重搭台成长唱戏,2024-09-30
公募：抓住稳定价值类、成长类资产投资机会,2024-09-30
十大券商策略：“政策底”已确立？哪些热点有望继续上涨？,2024-09-30
海通证券荀玉根：中级行情在路上 看好地产和消费医药,2024-09-28
证券日报：要根治上市公司回复问询函“一拖再拖”的顽疾,2024-09-28
访中国银河策略首席分析师杨超：政策“组合拳”持续加码 A股价值投资氛围渐浓,2024-09-28
经济日报金观平：推动国资出资成为耐心资本,2024-09-27
对冲基金传奇人物：将全力押注中国股票 还有很大的上涨空间,2024-09-27
证券时报：上轮行情翻倍股 这次会否“龙回头”？,2024-09-27
五万亿巨头最新发声：对中国资产中长期持非常乐观看法,2024-09-27
高盛策略报告：A股战术性反弹带来的配置机遇或已来临,2024-09-26
中金：短线大涨后市场表现或有波折 但反弹行情仍有望延续,2024-09-26
华泰证券策略首席王以：A股和港股将迎来流动性改善,2024-09-26
皮海洲：注销式回购需要具体公司具体对待,2024-09-25
中金公司：A股反弹预计将延续 短期非银及地产链或有较好表现,2024-09-25
中金：股市大涨后短期或有波折 但预计反弹仍将持续,2024-09-25
中金：现金牛风格出现向央国企收敛的趋势,2024-09-24
华泰证券：A股底部形态初现,2024-09-23
融通基金李进：便宜成长股越来越多 看好四大投资方向,2024-09-23
农银汇理基金经理左腾飞：坚守真红利和优质成长板块,2024-09-23
桂浩明：券商重组意在提高规范化水平,2024-09-21
贺宛男：新一轮并购重组冰火两重天 期待有更多的主动退市公司,2024-09-21
港股回购超2000亿港元 释放哪些信号,2024-09-21
中金公司：美降息开启 关注可能影响A股的三类资产表现,2024-09-20
机构：中国货币政策空间打开将提振A股市场,2024-09-20
国泰君安舒迪：三重因素拉动电子行业上半年业绩反转,2024-09-19
十大券商看后市：中秋假期外部环境积极 A股市场偏底部特征较多,2024-09-18
中金公司：关注科技创新领域尤其是具备产业自主逻辑的板块,2024-09-18
中信建投：短期A股市场强势股补跌 具备市场底部特征,2024-09-18
中金：美联储降息临近 港股弹性较A股更大,2024-09-16
证券日报：上市公司盈利修复透露三大看点,2024-09-14
证券时报：基金公司应让投资者有更好的持有体验,2024-09-13
皮海洲：对IPO企业现金分红的监管应避免“雷声大雨点小”,2024-09-11
皮海洲：如何让拟上市公司树立正确的“上市观”？,2024-09-10
熊锦秋：应切实将市场操纵民事责任落到实处,2024-09-10
十大券商看后市：A股已具备部分底部特征 风险偏好有望企稳,2024-09-09
光大证券：前期强势的银行板块补跌或许是一个积极的信号 投资者可在底部区域适当进行左侧布局,2024-09-09
中信建投：市场已具备底部条件 三条线伺机布局,2024-09-09
海通证券：从半年报找配置线索 上游资源板块盈利显著改善,2024-09-08
方正证券：关注乳制品、软饮料板块的投资机会,2024-09-08
洪灏：全球金融市场将大幅波动 人民币、中国股市或走强,2024-09-08
桂浩明：美联储降息后 A股会怎么走？,2024-09-07
中信建投：接下来港股配置主线仍为红利板块,2024-09-05
中信证券：港股市场有望迎来月度级别的估值修复行情,2024-09-03
中金：当前市场已具备较多偏底部特征 下行风险有限,2024-09-03
十大券商看后市：全球资金有望迎来再配置 或利好中国资产,2024-09-02
中信建投陈果：9月市场有望边际改善 伺机进攻,2024-09-02
光大证券：A股下行空间有限 底部上行可期,2024-09-01
经济日报：依法从严惩治资本市场财务造假,2024-09-01
贺宛男：A股迎来久违放量上涨行情 主要原因有两个,2024-08-31
桂浩明：从严治市应从打击造假开始,2024-08-31
中信建投：9月无论是基本面还是流动性均已出现边际改善信号,2024-08-30
十大券商看后市：A股已具备较多底部特征 转机正在孕育,2024-08-26
华泰证券：建议配置低融资敞口A50、景气持续的电子、船舶、降息强受益的医药,2024-08-26
中信建投：市场转机正在逐步孕育 市场有望打开向上空间,2024-08-26
国泰君安：美债利率短期下行后仍将高位震荡 美股预计先下后上,2024-08-26
海通策略：历史上A股成交低迷后若市场迎来向上修复 前期超跌的行业涨幅及胜率更高,2024-08-25
经济日报：提升资本市场内在稳定性,2024-08-25
中信建投：分析表明季节性因素对A股市场情绪有显著影响,2024-08-22
中信证券：美股科技股板块估值整体处于合理期间 维持对板块未来6~12个月的乐观看法,2024-08-21
熊锦秋：亲属之间代为操作证券账户应避免触及法律红线,2024-08-20
中金公司：美联储降息前美债和黄金“做波段” 降息后逐渐转向顺周期资产,2024-08-19
中信证券：港股市场迎接月度级别的估值修复,2024-08-19
十位“首席”把脉下半年：经济向好趋势未改 A股或迎反弹窗口,2024-08-19
鹏华基金李悦：美联储降息概率大增 港股估值修复弹性更大,2024-08-19
兴业银行首席经济学家鲁政委：“红利时代”的四大“基石资产”,2024-08-18
首席展望丨民生邱祖学：下半年金价或续创新高 避险驱动仍占主导,2024-08-18
桂浩明：A股市场现在遇到了极大的困难 交易低迷背后是市场缺乏赚钱效应,2024-08-17
贺宛男：量在价先 没有量又怎么牛得起来？,2024-08-17
皮海洲：现金分红与股价上涨 谁更能给投资者以回报,2024-08-16
中金公司：本轮红利风格调整或近尾声 推荐关注红利风格内的金融、消费板块,2024-08-15
鹏华基金郑科：防御性战略投资仍将是主线 看好先进制造业与金融业,2024-08-15
中信证券：美联储降息有望助推国内剩余流动性回升,2024-08-13
国泰君安：港股韧性已现推荐布局 向科技要弹性,2024-08-13
中信建投陈果：投资者需要保持耐心 等待进攻时机,2024-08-12
长城基金陈子扬： 瞄准周期板块机遇 三大维度掘金,2024-08-12
永赢基金首席权益投资官高楠： A股最大特征是均值回归 很难再杀估值,2024-08-12
浙商证券：A股已经进入中线底部的筑底期,2024-08-11
桂浩明：从上证综指看A股寻底之旅,2024-08-10
贺宛男：A股为何“缺席”全球股市强劲反弹,2024-08-10
富达基金孟峤：大量海外资金正在等待时机流入国内市场,2024-08-09
中金公司：A股估值再度具备较强吸引力,2024-08-06
中信建投陈果：外部流动性舒缓 等待扩内需发力,2024-08-05
中金公司：建议重点关注基本面具备支撑的红利资产、以及顺应产业转型趋势的高景气行业,2024-08-05
联博基金朱良、黄森玮： 当前A股在全球最具吸引力 看好制造业出海和“现金奶牛”,2024-08-05
汇安基金吴尚伟：A股市场存在上行机会 关注“高质量”主线,2024-08-05
万亿美元巨头威灵顿投资管理最新发声：多元策略产品迎来发展契机,2024-08-04
浙商证券：低空经济行业正处于加速落地阶段,2024-08-03
贺宛男：资本市场如何提升内在稳定性 基础制度是基石,2024-08-03
上证全收益指数会成为市场新的风向标吗？,2024-08-03
俞敏洪放过董宇辉 股民能放过俞敏洪吗？,2024-08-03
应健中：不必过于看空A股市场 2900点成为阶段性底部,2024-08-03
曹中铭：科创板公司启动并购重组 需要注意三个方面的问题,2024-08-03
中信建投：近期政策层面扩内需动作频加码 这些板块有望受益,2024-08-02
皮海洲：股市如何更大力度服务实体经济回升向好？| 立方大家谈,2024-08-02
中信建投：下半年迎产品周期 游戏板块已具备较高投资性价比,2024-08-01
华西证券：2024年将是卫星频繁发射组网、商业航天产业化的起点之年,2024-08-01
华泰证券：A股资金面压力环比小幅回升 资金配置共识较低,2024-07-31
睿郡资产王晓明：当前应对未来股市持更积极看法,2024-07-31
桂浩明：投资红利股应避免两个误区,2024-07-27
皮海洲：提振投资者信心一周年 股市为何还是低迷？,2024-07-26
贝莱德建信理财年中投资展望：A股市场估值较低 耐心等待积极信号,2024-07-24
瑞银证券孟磊：A股市场已具备更高的战略重要性 估值有望在下半年温和回升,2024-07-24
皮海洲：汇金增持ETF为何没能提振A股投资者信心？,2024-07-23
中信建投：7-8月中报将成为市场重要交易线索 关注超预期或增速较高的板块,2024-07-22
农银汇理基金经理邢军亮：超跌的电子板块未来修复空间可观,2024-07-22
东方马拉松钟兆民：坚守投资本质 看好三大投资机会,2024-07-22
海通证券：本届三中全会有望通过改革预期提振市场风险偏好,2024-07-21
永赢基金许拓：左侧布局 聚焦高股息、红利资产,2024-07-20
贺宛男：半导体板块上演“王者归来” 未来业绩改善值得期待,2024-07-20
桂浩明：广汇汽车退市 超过10万的投资者情何以堪,2024-07-20
文兴：美股芯片股下跌 我们摆脱“卡脖子”的路径清晰了,2024-07-20
应健中：耐心等待黄金交叉到来 投资者还是要耐心一点,2024-07-20
中信建投陈果：7-8月市场有望继续围绕业绩方向交易,2024-07-17
光大证券：市场上行可期 高股息及“科特估”值得长期关注,2024-07-15
七位知名私募投资经理“把脉”下半年市场： 市场底部区域可以更积极 看好高股息、成长等方向,2024-07-15
农银汇理基金经理钱大千：景气成长板块表现有望阶段性占优,2024-07-15
FXTM富拓杨傲正：全球央行步入降息周期 利好多国股市,2024-07-15
海通策略：二季度A股盈利表现或相对稳健,2024-07-14
中信证券：下半年A股市场将迎来年度级别上涨行情的起点 迎接大拐点,2024-07-13
桂浩明：红利指数在下半年还能继续强势吗？,2024-07-13
皮海洲：叫停转融券是来之不易的利好 但提振作用相对有限,2024-07-13
兴业证券下半年投资展望：新时代核心资产行情刚刚开始 关注新旧动能切换中“熬”出来的投资机会,2024-07-13
险资人士眼中的权益市场：高股息与新质生产力都是挚爱,2024-07-11
中信建投：港股估值修复空间充足 关注互联网板块投资机会,2024-07-10
中信建投陈果：下半年市场环境最终将好于上半年 主要指数有望挑战新高,2024-07-10
A股再创调整新低 十大基金最新解盘：风险偏好有望逐渐回升 修复行情在路上,2024-07-09
十大券商看后市：A股部分指标已显现阶段性偏底部特征 转机渐行渐近,2024-07-08
经济学家展望下半年环球投资： 降息预期仍存 看好高股息板块,2024-07-08
应健中：做一个理性的金融消费者 要保存好资金实力,2024-07-06
皮海洲：统一执法尺度 打击证券违法行为,2024-07-06
桂浩明：低迷的格局不改变 B股的退市公司数量还将进一步增加,2024-07-06
贺宛男：A股回购增持连创新高 重塑投资信心仍需要时间,2024-07-06
兴业证券张忆东：今年港股年度高点或在四季度 高胜率资产是赢家之道,2024-07-05
皮海洲：转融通成为投资者千夫所指 该不该关停转融通业务,2024-07-05
兴业证券中期策略会再寻资本市场答案：明确看多港股核心资产 提出“15+3”A股投资策略,2024-07-04
中金公司7月行业配置策略：中长期改革关注度提升,2024-07-02
中信建投：政策有望持续托底 整体市场依旧保持中性乐观,2024-07-02
中信建投：北交所深改推进 指数投资价值凸显,2024-07-01
中信建投：科技产业重视度凸显 建议关注政策导向标的,2024-07-01
天风证券：继续看好“耐心资产”等高股息方向 新质生产力或有表现机会,2024-07-01
海通证券：短期市场仍处蓄势中 下半年三因素改善抬升市场中枢,2024-06-30
杨德龙：3000点之下继续坚持“只买不卖”的策略 逢低布局优质资产,2024-06-29
皮海洲：量化交易不符合中国国情 有必要予以叫停,2024-06-26
国金证券：当前处于“政策影响尾声—市场底”阶段 维持“大盘价值防御”策略,2024-06-25
桂浩明：活跃市场不只是简单地想办法增加成交量,2024-06-22
贺宛男：科创板不挺起腰杆 股价不从低迷中走出来 A股很难走强,2024-06-22
应健中：可以考虑从三方面去寻找具有绝对投资价值的品种,2024-06-22
熊锦秋：重要股东应重视每增减1%股份的信披义务,2024-06-21
中信建投：哪些热点有望继续上涨？,2024-06-18
东吴证券：市场风格切换在即 成长风格有望形成新一轮主升浪,2024-06-18
十大券商看后市：A股短期仍有支撑 理性看待科技板块后续空间,2024-06-17
汇安基金吴尚伟：资金配置需求强劲 红利类资产或持续走强,2024-06-17
汇丰晋信基金付倍佳：关注港股回调后的三个投资机会,2024-06-17
海通策略：高股息占优已久 高端制造有望成股市中期主线,2024-06-16
桂浩明：辨析上市公司四大风险 做理性投资人,2024-06-15
杨德龙：想方设法提振股市表现 有利于推动消费复苏和经济增长,2024-06-15
天风证券：继续看好“耐心资产”等高股息方向 6月新质生产力或有表现机会,2024-06-14
中信证券：当前中概互联网板块估值仍处历史低位,2024-06-12
中金：未来3—6个月重点关注三条主线,2024-06-11
华泰证券：如何理解近期大小盘分化？,2024-06-11
皮海洲：A股指数再次逼近3000点 A股走势何以步履艰难,2024-06-11
A股下半年怎么走？投资主线有哪些？十大券商策略来了,2024-06-10
银河证券：家电行业景气度有望延续复苏 关注三条投资主线,2024-06-10
海通证券：展望下半年 A股市场中枢有望再上新台阶,2024-06-10
华西证券：猪价依然处于上行通道中 不排除今年猪价高点会提前,2024-06-10
中信建投：政策发力只是刚开始 或将持续推动市场风格“小切大”,2024-06-09
桂浩明：非ST股能否放宽“面退时限” 更大程度上保护中小投资者,2024-06-08
尹中立：今年微型股出现三次较快速下跌 需关注股市资金的虹吸效应,2024-06-08
皮海洲：不必过分看重北向资金“脸色”,2024-06-08
应健中：要防范躺平式退市带来的风险 一定不要栽进仙股的“黑洞”,2024-06-08
曹中铭：“预言帝”或涉嫌操纵市场 绝不可只对相关账户限制交易了事,2024-06-08
招商证券：A股市场在6～7月可能会呈现结构上行的特征,2024-06-07
中信证券：下半年配置重心可逐步转向绩优成长,2024-06-06
中信证券：看好人形机器人新一轮行情,2024-06-05
国金证券：5月外需或阶段性好于内需 相关链条修复趋势或仍将延续,2024-06-05
中信建投：我国新型工业化整体水平稳中有进 建议关注工业设备上云等行业,2024-06-05
华泰证券：我国房贷利率或仍有下行空间 继续看好地产板块估值修复,2024-06-05
国泰君安：国内多家企业明确表示电子烟需求快速增长 关注产业链投资机会,2024-06-05
兴业证券张忆东：港股的春天将延续 震荡期是精选核心资产良机,2024-06-05
国泰君安：股市有望“进二退一”式震荡上升 建议逆向布局,2024-06-03
东吴证券：6月整体市场偏向积极 继续看好“价值”类型股票,2024-06-03
曹中铭：“戴帽”潮背后的原因值得探究 需要进一步提高违法违规成本,2024-06-01
应健中：提防仙股带来的市场风险 投资者要持有靠谱的公司,2024-06-01
皮海洲：应进一步规范上市公司股权结构 减少未来解禁股的减持压力,2024-06-01
桂浩明：“红五月”行情因何虎头蛇尾,2024-06-01
长江电力是耐心资本投资样板,2024-06-01
中金：年初以来产业资本减持金额明显回落 推动A股资金面边际改善,2024-05-28
十大券商看后市：A股后续波动有限 战术上短期以守为主,2024-05-27
中信建投：对A股仍可持乐观态度 战术上短期以守为主,2024-05-27
海通证券：短期市场或处于休整蓄势中 关注基本面更优的中高端制造,2024-05-26
杨德龙：当前市场投资者风险偏好依然较低 高股息和黄金板块值得继续配置,2024-05-25
兴证全球基金：炙手可热的红利资产 有什么特征？,2024-05-22
中信证券：当前港股估值修复行情依旧具备韧性 建议关注三大主线,2024-05-21
华泰证券：港股配置空间有望延续 时间锚点或在于6月上中旬,2024-05-20
博时基金赵宪成：港股科技板块上涨行情有望持续,2024-05-20
华金证券：A股震荡偏强 短期继续关注顺周期、核心资产和TMT,2024-05-19
桂浩明：分拆上市遇冷 未来依然难以成为市场热点,2024-05-18
贺宛男：投资者权益保护要落到实处 才真正保住“市场之本”,2024-05-18
中信证券：各地支持政策密集出台 推动低空经济从探索走向发展,2024-05-18
皮海洲：上市公司利润分配不应过于追求现金,2024-05-18
应健中：重视股市入口关和出口关的变化 在吐故纳新中寻找机会,2024-05-18
中信建投：预计A股市场将迎来一段大盘龙头占优的时期 建议重点关注两大方向,2024-05-17
华泰证券：MSCI中国A股调整或有稳定的超额收益窗口,2024-05-16
中金公司：中国股票资产中长期维度上机会大于风险 短期内可能仍以结构性机会为主,2024-05-15
中信证券：港股通红利税若调整 有利于税收公平 但尚存不确定性,2024-05-13
华泰证券：A股配置以红利为基础 把握出口、供给减压两条景气线索,2024-05-13
中金公司：当前A股市场机会仍大于风险,2024-05-13
瑞士宝盛邓启志：聚焦三大因素 在中国市场寻找优质股票,2024-05-13
海通策略：当前港股上涨或主要由交易型资金驱动,2024-05-12
经济日报：紧盯密防证券从业者违规炒股,2024-05-12
桂浩明：靠什么实现“红五月”？,2024-05-11
中信建投：关注一季报较好方向以及边际开始改善方向,2024-05-08
中信建投：A股市场情绪正由悲观转向乐观 强烈看多建议积极配置,2024-05-07
中信建投：战略上坚定看多今年的A股与港股市场,2024-05-07
国泰君安：港股仍有可为空间,2024-05-07
十大券商看后市：全球资金对中国资产配置意愿强烈 A股5月行情将更稳更持续,2024-05-06
浙商证券：港股的战略配置价值值得重视,2024-05-06
中金公司：乐观情形下港股还有约20%的上涨空间,2024-05-06
中信建投：科技方向有望迎来一定交易性机会,2024-05-02
宏利投资管理全球首席投资官：全球投资者正寻求投资中国的机会,2024-05-01
六位基金经理把脉港股后市： 5项措施激活港股做多热情 制约因素有望松绑,2024-04-29
贺宛男：造假公司接连上涨为哪般？,2024-04-28
应健中：“年报后”行情将是今年上半年最后两个月的市场主题,2024-04-27
桂浩明：如何看待分红新政,2024-04-27
国泰君安：政策推动下 港股优质资产配置价值提升,2024-04-24
招商证券：预计2024年全年A股盈利有望逐季改善,2024-04-23
中金公司：美股回调有助于降息交易重启,2024-04-23
中信建投：关注业绩/股息品种 看好一季报后传媒反弹,2024-04-22
华泰证券：A股策略多因素角力下聚焦红利和高胜率景气,2024-04-22
华泰证券：看好“低空新基建”下通导基础设施、三维高精地图及空管系统供应商的投资机会,2024-04-21
华金证券：当前并不完全具备大盘占优的条件 后续大小盘风格可能偏均衡,2024-04-21
红利类资产大爆发！投资价值几何？最新研判来了,2024-04-21
超重磅政策！基金券商发声 促进形成良好的行业发展生态,2024-04-21
韩忠益：在轮动行情中选对方向就是牛市 对蓝筹股不要迷信,2024-04-20
应健中：每次下跌都是吸纳廉价筹码的机会 应辩证看待上市公司分红,2024-04-20
新“国九条”开启中国资本市场新的十年 A股市场有望企稳回升,2024-04-20
桂浩明：新股发行制度还需进一步完善 堵上已经被发现的漏洞,2024-04-20
贺宛男：大盘股高息股上涨和大部分股票下跌的“二八”效应会持续多久,2024-04-20
中信建投：A股注销式回购涌现 投资者应关注低估值、高回购额等指标,2024-04-19
国泰君安：变化正在出现 逆向提高港股优质资产配置,2024-04-16
华泰证券：A股风险偏好修复平台期 保持红利思维,2024-04-15
中金公司：新“国九条”发布有助于投资者整体风险偏好进一步改善,2024-04-15
富达基金孟峤：长期逻辑支撑 高股息赛道行情可期,2024-04-15
博时基金刘玉强：在“专精特新”企业中挖掘投资机会,2024-04-15
新“国九条”发布 业内：A股从“融资市”改为“投资市”,2024-04-14
前海开源基金杨德龙：“国九条”为资本市场健康发展保驾护航,2024-04-13
证券日报：IPO企业检查比例大幅提升意味着什么？,2024-04-11
华泰证券：景气线索关注外需拉动、供给变化和产业周期,2024-04-09
中信建投：震荡整固阶段把握分化中的机会 中期关注两条线索,2024-04-08
财通基金金梓才：AI进入基本面向上阶段 今年关注三条投资主线,2024-04-08
海通策略：中期维度看 白马板块或渐成股市主线,2024-04-07
中信建投：银行业2023年营收承压利润小幅正增长，政策底后静待经济复苏,2024-04-05
开源证券：预期车路协同的发展将经历三个阶段 市场空间或达千亿规模,2024-04-05
中金：成长风格继续引领 关注基本面边际改善领域,2024-04-02
十大券商看后市：A股4月中枢或整体上移 修复行情有望延续,2024-04-01
博时基金赵宪成：港股有望持续反弹 看好三个投资方向,2024-04-01
长城基金曲少杰：把握科技创新主线 借道QDII布局海外市场,2024-04-01
富达基金孟峤：高股息板块仍具有较好投资机会,2024-04-01
银河证券：4月建议战略性布局科技、上游原材料、消费等板块里的价值股,2024-03-31
看好黄金！中外资机构最新研判：中国股市修复性行情将延续,2024-03-31
民生加银基金总经理郑智军：资本市场要坚持公平与效率,2024-03-31
桂浩明：派息率是否越高越好,2024-03-30
贺宛男：从龙头股年报把脉投资方向,2024-03-30
杨德龙：多项指标显示A股和港股当前处于历史大底区域 坚持价值投资至关重要,2024-03-30
证券日报：外资机构积极布局中国资本市场透露两大信号,2024-03-28
中航证券董忠云：国有股权及现金收益投资范围扩容 将形成增量长期资金,2024-03-24
贺宛男：严把上市准入关开始动真格 多项硬措施极具针对性,2024-03-23
文兴：投资者期待新的变化,2024-03-23
应健中：挑战年线是比较艰巨的任务 融资端与投资端在寻求平衡,2024-03-23
中信证券：“红利+新质生产力”有望贯穿春季行情,2024-03-22
中信建投：北向资金流入强度处于历史高位,2024-03-21
招商基金汪洋：A股政策面持续向好 高股息策略仍值得关注,2024-03-21
中信建投：增进“股东权益”有望成为A股新生态,2024-03-20
皮海洲：规范大股东减持行为还须从源头做起,2024-03-20
皮海洲：IPO现场检查通关率仅15％说明了什么,2024-03-19
十大券商看后市：A股风险偏好有望继续修复 结构性机会显现,2024-03-18
国泰君安：股市行情从超跌反弹过渡至横盘震荡,2024-03-18
证券日报：上市公司加强市值管理可从三维度入手,2024-03-18
海通证券：短期关注行业补涨轮涨机会 中期维度白马是主线,2024-03-17
招商基金总经理徐勇解读！一揽子系统化举措 推动A股繁荣发展,2024-03-17
经济日报金观平：证监会集中发布4项政策文件 助力资本市场行稳致远,2024-03-17
中金公司：保护“市场之本”合法权益 促进资本市场高质量发展,2024-03-17
中信证券：“组合拳”体现“两严两强”监管思路 促进完善资本市场长期稳定发展体制机制,2024-03-17
证券日报：打造监管铁军 护航资本市场行稳致远,2024-03-16
桂浩明：对今年春季行情的再思考 警惕某些不确定因素,2024-03-16
国海富兰克林狄星华：今年美股或保持强韧 AI热潮下算力需求井喷,2024-03-15
转融券“T+1”将重塑短线交易生态,2024-03-15
华生：股市新期待 从为融资者服务到以投资者为本,2024-03-13
皮海洲：把现金分红与强制退市制度结合起来,2024-03-12
中信建投陈果：震荡整固中把握三条线索,2024-03-11
国泰君安：未来两个季度股市的投资机遇要多于风险 但依然是结构性的,2024-03-11
渣打中国财富管理王昕杰： 中国股票估值 极具吸引力,2024-03-11
皮海洲：如何防范以“圈钱”为目的企业IPO上市？,2024-03-11
民生证券：AI驱动生产力大变革 看好人工智能叠加信创所带来的市场机遇,2024-03-10
兴证策略：以险资为代表的绝对收益资金加仓或成为市场未来一段时间最具确定性的增量,2024-03-10
桂浩明：本轮股市杀跌已基本结束 但不能判断大盘已经完全走好,2024-03-09
皮海洲：规范高管买卖股票远胜过对高管卖出股票的封堵,2024-03-09
贺宛男：股市如何“强基”？当然可以从两头下功夫,2024-03-09
文兴：珍惜当下来之不易的投资机会 长期看好具备弯道超车能力的产业和企业,2024-03-09
应健中：沪指3000点依然是安全区域 大盘蓝筹股是市场走强的基石,2024-03-09
中信建投陈果：科技成长为代表的“新质生产力”或依然是下一阶段重点,2024-03-08
中信建投：建议重点关注北向资金青睐的板块和个股,2024-03-06
广发基金姚曦：春节假期消费火爆 看好中长期消费板块表现,2024-03-05
中金：市场涨势或延续 3月相对看好小盘成长风格,2024-03-04
华泰证券：当前超跌反弹或基本到位 后续审美或向景气回归,2024-03-04
华宝基金周晶：AI革命带动科技浪潮 美股科技股上涨仍有空间,2024-03-04
海通证券：短期白马稳定资产是稳健之选,2024-03-03
申万宏源：主题投资活跃 短期关注AI算力、AI应用、机器人等,2024-03-03
国泰君安：预计3月中旬以前市场有望维持中级反弹趋势,2024-03-03
应健中：万亿天量凸现A股围城现象 跟着主力品种走会获得丰厚回报,2024-03-02
刘柯：美股七巨头凭何受热捧？基本面展现出了强大的硬实力,2024-03-02
减持苹果但长期持有可口可乐和美国运通 巴菲特是人间清醒还是过于保守？,2024-03-02
桂浩明：无论是投资者还是监管者 都要懂得珍惜股市的流动性,2024-03-02
贺宛男：A股走出底部靠价值 持续上涨看成长,2024-03-02
中信建投：高景气成长风格优势逐步凸显 推荐关注四个方向,2024-03-01
中金公司：3月主要超配通信设备、高端机械、半导体等行业,2024-03-01
银河证券：3月A股有望持续回暖 建议战略性布局科技、电力等板块里的价值股,2024-02-29
长城基金汪立：市场修复还在进行 险资仍在增配股票,2024-02-29
吴晓求：IPO资金不是ICU的资金 不要将IPO资金ICU化,2024-02-28
证券日报：英伟达市值超2万亿美元给A股公司三大启示,2024-02-28
国泰君安：预计短期主题热度有望维持 方向选择需密切跟踪新兴科技领域,2024-02-27
中金公司：2月初至今的修复行情仍有望延续,2024-02-26
中信证券：流动性抱薪AI点火 看好产业趋势板块反弹,2024-02-26
博时基金桂征辉：看好后市 当前宜大小盘股均衡配置,2024-02-26
证券日报：证监会龙年首场发布会传递出什么信息？,2024-02-26
海通证券：支撑行情展开的积极因素仍在积累,2024-02-25
中信建投：国资委召开AI专题会 产业建设有望进一步加速,2024-02-25
杨德龙：大盘重回3000点意义重大 标志着市场反转趋势进一步确立,2024-02-24
皮海洲：IPO主动撤回仍遭处罚是“申报即担责”,2024-02-24
皮海洲：为什么会有超过6成的投资者支持A股实行T+0交易制度,2024-02-23
东莞证券杨博光：2024年A股市场机会大于风险 宜重视投资配置与结构,2024-02-22
30余位“首席”把脉龙年投资主线：AI成最热关键词 看多这些主题,2024-02-22
四大外资公募掌门人畅谈A股机遇：中国市场迎来长线布局良机,2024-02-20
机构投资者接力加大入市力度正当时,2024-02-20
五大券商首席研判：节后A股上行空间较大 科创成长机会较多,2024-02-19
国泰君安：从“交易底”到“预期底” 市场风格走向均衡 兼顾红利与主题,2024-02-19
安信基金陈振宇：便宜是硬道理 当前很适合做价值投资,2024-02-19
兴证全球基金乔迁：不用过度关注短期因素 把握长期确定性机会,2024-02-19
方正富邦基金首席权益投资官汤戈：结构性行情概率大 看好三大板块,2024-02-19
中金策略：投资者情绪有望继续改善 A股节后有望迎来“开门红”,2024-02-18
中信证券：反弹步步为营 防御转向均衡,2024-02-18
招商策略：市场有望逐渐筑底回升 A股走成类似2016年的概率进一步加大,2024-02-18
海通证券：市场或迎来底部的第一波反弹行情,2024-02-18
东吴证券：2024年是A股新一轮的牛市起点之年 成长风格将崛起,2024-02-18
东吴证券陈李：2024年最值得期待的两大趋势 将为投资者带来回报,2024-02-18
摩根士丹利基金雷志勇：龙年看好科技成长、困境反转板块,2024-02-18
重磅研判！五大券商首席：预计节后A股上行空间较大,2024-02-15
华泰证券：24年春节多项出行与消费数据同比显回暖态势,2024-02-15
申万宏源：当前市场性价比已经来到历史级别高位,2024-02-15
景顺长城基金总经理康乐：坚定中国信心 拥抱科创时代,2024-02-13
贝莱德基金首席投资官陆文杰：龙年中国权益市场的超额回报值得期待,2024-02-13
东方港湾但斌：科技周期或将成为下一轮牛市的根基,2024-02-12
国泰基金程洲：看好医药和必选消费 金融板块整体偏谨慎,2024-02-11
首席展望丨富达基金孟峤：国际投资者龙年更看好哪些中国资产,2024-02-10
富国基金王乐乐：经济边际压制因素在减弱 期待市场出清后的修复,2024-02-09
创金合信基金苏彦祝：在磨底阶段中坚定信心,2024-02-09
天风证券：医疗器械产业出海主要看渠道建设和客户结构,2024-02-08
永赢基金高楠：围绕泛科技领域 从应用角度寻找结构性机会,2024-02-08
国海证券：2月超跌反弹首选景气成长 维持成长+高股息哑铃型配置思路,2024-02-07
天风证券：未来精细化工新材料领域有望成为主要投资方向,2024-02-07
中金公司：政策面的积极变化有助于投资者信心的提振,2024-02-07
中信建投：寿险行业长期有望迎来资负两端共振改善的“戴维斯双击”,2024-02-06
招商证券：建议关注电子、计算机、机械、医药等新质生产力方向,2024-02-06
中信建投策略陈果：立足“三低” 静待转机,2024-02-05
国泰君安：股票市场将进入磨底阶段 低风险特征的资产相对优势未结束,2024-02-05
刘煜辉：应尽快建立平准基金 依托透明化制度夯实预期,2024-02-04
杨德龙：全面分析当前市场走势 找到决定后市走势的关键因素,2024-02-04
中信证券：当前股票质押风险整体可控,2024-02-03
九圜青泉科技首席投资官陈嘉禾：谁在市场底部买入？,2024-02-03
桂浩明：引入逆周期调控思路应对杠杆交易风险,2024-02-03
杨德龙：当前市场已经出现非理性下跌 被错杀的优质龙头股投资价值凸现,2024-02-03
杨德龙：当前市场已出现非理性下跌 呼吁国家队增加救市力度,2024-02-02
华夏基金张景松：关注成长风格机会 国产化和出海为两大投资逻辑,2024-02-01
证券日报：压实投行责任 让恶意闯关者付出沉重代价,2024-02-01
吴晓求：当前最重要的是恢复投资者信心 先“止血”,2024-01-31
中金公司：短期市场具备一定修复动能 对中期表现不必悲观,2024-01-30
富达基金总经理黄小薏：经济周期如四季更替 中国正迎长期布局良机,2024-01-30
中信建投：融券机制优化 逆周期调节强化市场信心,2024-01-30
皮海洲：全面暂停限售股出借是市场纠错的第二步,2024-01-30
银河证券章俊：政策持续加码 静待上行空间,2024-01-30
鹏华基金梁浩： 积极因素逐渐累积 A股长期投资价值凸显,2024-01-29
中银证券管涛：今年中国经济能实现温和复苏 A股中小成长风格或占优,2024-01-28
中信建投：建议重点关注“中特估”新一轮机会 策略上关注分红、股票回购、并购重组等思路,2024-01-26
10万亿资管巨头发声！中国股市具备估值修复机会 经济有望温和复苏,2024-01-26
海通证券林加力：2024年关注高股息策略 持续看好优质中小银行,2024-01-25
中金：未来3-6个月建议关注景气回升与红利资产的攻守结合,2024-01-23
中信建投：一旦有利好催化 市场随时将展开反弹,2024-01-22
皮海洲：借钱也要分红 对这种“掏空式”分红公司IPO应掏红牌罚下,2024-01-22
民生证券胡又文：全年对股市保持乐观 建议四个布局方向,2024-01-21
国泰君安：“单针探底”开启底部重塑 原仓持有耐心等待,2024-01-21
海通证券：当前市场大概率已处在底部区域 关注大金融等,2024-01-21
黄燕铭最新发声：仍看好“高分红、低波动” 年中市场或将现转机,2024-01-21
申万宏源策略：超跌就会有反弹 但反攻仍有待积极因素累积,2024-01-21
贺宛男：三大利好为何拉不动A股？ 问题到底出在哪里？,2024-01-20
日经指数屡创新高 流动性是关键,2024-01-20
应健中：从快速探底中看市场趋势 低于年线300点会引发大级别反弹,2024-01-20
引进长线资金的困惑在哪里,2024-01-20
海通证券荀玉根：三路资金有望为市场提供增量,2024-01-19
康曼德资本丁楹：2024年仍以结构性机会为主 看好AI、医药,2024-01-18
申万宏源周海晨：长期资金入市可期 静待政策催化窗口,2024-01-18
中金公司：短期不建议过度追高日股,2024-01-17
十大券商看后市：A股拐点或即将到来 春季躁动窗口期仍未关闭,2024-01-15
把脉新年市场！洪灏：中美利差有望收窄 A股港股都有交易性机会,2024-01-15
中信建投陈果：若本周降准降息落地 或推动市场反弹,2024-01-15
民生证券：煤价延续震荡 看好高股息下板块估值提升行情,2024-01-14
千亿全球资管巨头：中国股市复苏将一触即发,2024-01-14
开年爆火！现在高股息率股票还值得投吗？7000字最新解读来了,2024-01-14
杨德龙：春种秋收 布局优质龙头股正当其时,2024-01-13
桂浩明：如何看待中国神华市值超过宁德时代？,2024-01-13
中信证券：目前核电正站在新一轮高质量成长周期的起点,2024-01-10
银河证券：2024年A股震荡向上概率较大 上半年成长价值风格相对均衡,2024-01-10
兴业证券张忆东：2024年投资主线是在各领域寻找“卷王”,2024-01-10
中金：北交所流动性持续增加 半导体产业链迎布局机会,2024-01-09
银河证券：科创板估值有望触底回升,2024-01-08
民生证券：看好煤炭板块持续的估值提升行情,2024-01-08
徐翔妻子应莹：目前上证指数已在2882见底 未来将继续进行中级反弹,2024-01-08
万家基金黄海：今年市场或迎转折 看好三大领域,2024-01-08
万家基金叶勇：大宗商品牛市格局确立 A股有望迎来修复性行情,2024-01-08
中国人民大学吴晓求：停一停IPO挺好的 改革要转向建设“投资市场”,2024-01-07
应健中：以2972点为基点布局年报行情 前期要提前潜伏,2024-01-06
皮海洲：严厉打击财务造假这项工作有必要从三方面加以改进,2024-01-06
