index,title,reviews,recommends,authors,publisher,price_n,price_r
"1.","敖丙传（壹）哪吒魔童闹海和魔童降世电影中敖丙与哪吒相遇前的故","44703条评论","100%推荐","二斯特洛夫斯基","九州出版社","¥28.00","¥56.00"
"2.","跟着诗词去旅行 少年游学地理百科","289881条评论","100%推荐","日知图书","北方妇女儿童出版社","¥9.90","¥34.00"
"3.","漫画讲透黄帝内经 十二时辰养生智慧 二十四节气养生智慧 中医八大","185309条评论","100%推荐","张嘉铭","化学工业出版社","¥12.60","¥58.00"
"4.","被讨厌的勇气","1602366条评论","100%推荐","岸��一郎","机械工业出版社","¥29.80","¥55.00"
"5.","小刺猬阿奈家的24小时","10508条评论","100%推荐","曾荷丽","浙江教育出版社","¥32.00","¥76.00"
"6.","我与地坛（纪念版）（2024年百班千人寒假书单 九年级推荐阅读）","1664709条评论","100%推荐","史铁生","人民文学出版社","¥16.00","¥29.00"
"7.","见春天（新增番外《见答案》！总收藏量超35万、点击量破千万！晋","87309条评论","100%推荐","纵虎嗅花","北京联合出版有限公司","¥24.90","¥49.80"
"8.","哪吒（从小魔童到大英雄！一本书讲完哪吒的前世今生：比封神更燃","5858条评论","100%推荐","周楞伽","湖南文艺出版社","¥29.90","¥59.80"
"9.","不被大风吹倒 莫言新书！卷也好、躺也好，不被大风吹倒就好！读客","72497条评论","100%推荐","莫言","北京日报出版社","¥39.80","¥59.90"
"10.","正念的奇迹：获得身心的安详和悦乐","47293条评论","100%推荐","一行禅师","河南文艺出版社","¥29.00","¥58.00"
"11.","悉达多（心动的信号7彭高翁青雅同款，翻译家姜乙译本）【果麦经典","580038条评论","100%推荐","赫尔曼・黑塞","天津人民出版社","¥16.00","¥32.00"
"12.","读读童谣和儿歌（共四册）一年级下册 语文教科书配套书目 人教版","674625条评论","100%推荐","曹文轩","人民教育出版社","¥19.90","¥39.80"
"13.","三星堆博物馆 青少年研学旅游百科 穷游富游不如少年游学","7822条评论","100%推荐","陈晨","北京联合出版有限公司","¥12.80","¥34.00"
"14.","小鸟啃坏玫瑰还说人类脾气太暴躁（毒舌小鸟王尔德经典短句集。听","14856条评论","100%推荐","王尔德","江苏凤凰文艺出版社","¥29.90","¥59.80"
"15.","无病到天年1+2（无病到天年+大病预防先除湿 套装2册 韩明辰推荐）","1535条评论","100%推荐","路志正","福建科技出版社","¥17.30","¥70.90"
"16.","小狗疑心大宇宙阴谋篡夺它的位置（泰戈尔童心诗选，我们这一生注","87063条评论","100%推荐","泰戈尔","江苏凤凰文艺出版社","¥29.90","¥59.80"
"17.","窄门（诺贝尔文学奖经典 读完《窄门》便读懂了纪德的一生 法文直","434744条评论","100%推荐","安德烈・纪德","天津人民出版社","¥22.50","¥45.00"
"18.","蛤蟆先生去看心理医生（热销300万册！英国经典心理咨询入门书，知","1941182条评论","100%推荐","罗伯特・戴博德","天津人民出版社","¥22.80","¥38.00"
"19.","十日终焉1囚笼","35732条评论","100%推荐","杀虫队队员","江苏凤凰文艺出版社","¥29.80","¥46.80"
"20.","一间只属于自己的房间（文淇同款！热播剧《我的阿勒泰》经典台词","125507条评论","100%推荐","弗吉尼亚・伍尔夫","天津人民出版社","¥19.90","¥39.80"
"21.","克林索尔的最后夏天（诺贝尔文学奖得主黑塞自传式作品。）【果麦","162975条评论","100%推荐","赫尔曼・黑塞","天津人民出版社","¥19.90","¥39.80"
"22.","我胆小如鼠 新版上市 余华献给被原生家庭伤害过的孩子的自传，看","98414条评论","100%推荐","余华","江苏凤凰文艺出版社","¥35.80","¥49.90"
"23.","活着（余华代表作，精装，易烊千玺推荐阅读）","1637781条评论","100%推荐","余华","北京十月文艺出版社","¥31.00","¥45.00"
"24.","一个人的村庄（精装典藏版 刘亮程作品）感动8000万人，豆瓣万人8","85494条评论","100%推荐","刘亮程","译林出版社","¥40.80","¥68.00"
"25.","你当像鸟飞往你的山（中文版销量超200万册，比尔・盖茨年度特别推","1815042条评论","100%推荐","塔拉","南海出版公司","¥34.80","¥59.00"
"26.","病隙碎笔（光影纪念版，书内彩插作者亲摄照片12幅）史铁生充满灵","514397条评论","100%推荐","史铁生","湖南文艺出版社","¥24.00","¥48.00"
"27.","十日终焉5万相","10058条评论","100%推荐","杀虫队队员","江苏凤凰文艺出版社","¥37.50","¥46.80"
"28.","人群太吵，我想去听旷野的风","3395条评论","100%推荐","史铁生","光明日报出版社","¥15.20","¥49.80"
"29.","毛泽东选集（全四册，32开）","264510条评论","99.9%推荐","毛泽东","人民出版社","¥56.70","¥81.00"
"30.","真希望全家不生病  医路向前巍子最新力作","36195条评论","100%推荐","医路向前巍子","北京联合出版有限公司","¥46.90","¥68.00"
"31.","这就是人性 人间生存醒脑指南王心傲 谋略书籍 城府攻心的职场社交","18364条评论","100%推荐","王心傲","台海出版社","¥28.00","¥56.00"
"32.","十日终焉4乐园","23700条评论","100%推荐","杀虫队队员","江苏凤凰文艺出版社","¥31.50","¥48.00"
"33.","克雷洛夫寓言 三年级下册 语文教科书配套书目 人教版快乐读书吧","299565条评论","100%推荐","曹文轩","人民教育出版社","¥16.25","¥25.00"
"34.","中国古代寓言 三年级下册 语文教科书配套书目 人教版快乐读书吧","336131条评论","100%推荐","曹文轩","人民教育出版社","¥16.25","¥25.00"
"35.","女人的胜利 余华现实主义代表作 余华写出轨！太真实太犀利了！荒","72384条评论","100%推荐","余华","江苏凤凰文艺出版社","¥35.80","¥49.90"
"36.","三体全3册套装三体123黑暗森林死神永生： 刘慈欣代表作，亚洲“雨","2479988条评论","99.9%推荐","刘慈欣","重庆出版社","¥46.50","¥93.00"
"37.","逻辑哲学论（100周年纪念版，改变了当代哲学方向的一本重要著作）","28362条评论","100%推荐","维特根斯坦","中国华侨出版社","¥22.50","¥45.00"
"38.","十日终焉2迷城","29295条评论","100%推荐","杀虫队队员","江苏凤凰文艺出版社","¥29.80","¥46.80"
"39.","生死疲劳 不看不知道，莫言真幽默！全新版本！余华推荐！","753919条评论","100%推荐","莫言","浙江文艺出版社","¥45.40","¥69.90"
"40.","如果历史是一群喵14・明末清初篇","233201条评论","100%推荐","肥志","广东旅游出版社","¥26.20","¥59.80"
"41.","正面管教修订版","2243997条评论","100%推荐","简・尼尔森","北京联合出版公司","¥19.00","¥38.00"
"42.","炙热的你：关于了不起的女性更年期的一切","14681条评论","100%推荐","希拉","北京科学技术出版社","¥39.50","¥79.00"
"43.","无病到天年2：大病预防先除湿","17137条评论","99.9%推荐","路志正","福建科技出版社","¥9.90","¥38.00"
"44.","青春期男孩教育书籍青春期男孩枕边书10-18岁青春期男孩成长手册男","8916条评论","100%推荐","青蓝图书","新蕾出版社","¥24.90","¥49.80"
"45.","河清海晏 （  知乎24W高赞、15000+评论热议、200万读者含泪力荐！","69705条评论","100%推荐","橘子不酸","台海出版社","¥17.90","¥39.80"
"46.","汉声中国童话（精选特别版，全6册，把中国故事讲给中国孩子听！随","63968条评论","99.9%推荐","汉声杂志社","天地出版社","¥52.50","¥150.00"
"47.","人一生要去的100个地方 少年游学地理百科","274020条评论","100%推荐","日知图书","北方妇女儿童出版社","¥9.90","¥34.00"
"48.","十日终焉3不息","28741条评论","100%推荐","杀虫队队员","江苏凤凰文艺出版社","¥31.50","¥48.00"
"49.","奇奇怪怪小镇（全6册）","1条评论","100%推荐","贝尔纳・弗里奥","电子工业出版社","¥49.50","¥90.00"
"50.","长安的荔枝","578505条评论","100%推荐","马伯庸","湖南文艺出版社","¥29.00","¥45.00"
"51.","伊索寓言 三年级下册 语文教科书配套书目 人教版快乐读书吧","279272条评论","100%推荐","曹文轩","人民教育出版社","¥16.25","¥25.00"
"52.","认知觉醒：开启自我改变的原动力","380412条评论","100%推荐","周岭","人民邮电出版社","¥29.90","¥59.80"
"53.","半小时漫画青春期（全3册） 爆笑漫画讲清生理、心理和社交问题！","15195条评论","100%推荐","陈磊・半小时漫画团队","天津科学技术出版社","¥102.60","¥148.80"
"54.","科学聊起来（全15册，孩子能读懂的科学书，孩子视角+语言，轻松了","5018条评论","100%推荐","丹・格林","福建少年儿童出版社","¥177.60","¥480.00"
"55.","中国国家博物馆 青少年研学旅游百科 穷游富游不如少年游学","4181条评论","100%推荐","陈晨","甘肃少年儿童出版社","¥12.80","¥34.00"
"56.","哪吒：业火红莲（全新演绎千古神话，讲述一段《西游记》《封神榜","1297条评论","99.9%推荐","马御","北京联合出版有限公司","¥24.50","¥49.00"
"57.","人鱼陷落：完结篇 畅销书作者麟潜口碑代表作！","18541条评论","100%推荐","麟潜","上海文化出版社","¥26.40","¥52.80"
"58.","橘子不是唯一的水果（你的人生还有别的可能！五月天《任性》电视","380174条评论","99.9%推荐","珍妮特・温特森","北京联合出版有限公司","¥24.50","¥49.00"
"59.","人生没什么不可放下：弘一法师的人生智慧（弘一法师彻悟一生的人","568123条评论","99.9%推荐","宋默","团结出版社","¥7.50","¥32.80"
"60.","波西和皮普11册超值套装赠同款精美贴纸名字贴(小小聪明豆系列绘本","531064条评论","100%推荐","阿克塞尔・舍夫勒","外语教学与研究出版社","¥76.00","¥137.00"
"61.","天堂旅行团（彭昱畅主演同名电影原著，继《全世界》《云边》之后","231649条评论","100%推荐","张嘉佳","湖南文艺出版社","¥33.00","¥48.00"
"62.","我的阿勒泰（马伊�P、周依然、于适、蒋奇明主演的同名电视剧）新","438194条评论","100%推荐","李娟","花城出版社","¥27.00","¥45.00"
"63.","果麦经典：了凡四训（“我命由我不由天！”曾国藩、胡适、稻盛和","487596条评论","100%推荐","袁了凡","三秦出版社","¥16.00","¥32.00"
"64.","走遍中国 图说天下 国家地理","285566条评论","99.6%推荐","图说天下・国家地理","北京联合出版公司","¥8.90","¥19.90"
"65.","杀死一只知更鸟（豆瓣9.3，关于勇气与正义的成长教科书，影响全球","1236988条评论","100%推荐","哈珀・李","译林出版社","¥34.80","¥58.00"
"66.","我从未如此眷恋人间：周深“终于开始学会眷恋这人间”史铁生、季","444496条评论","100%推荐","史铁生","读者出版社","¥9.90","¥49.80"
"67.","猜猜我有多爱你（3-8岁）信谊世界精选图画书","465074条评论","100%推荐","山姆・麦克布雷尼","明天出版社","¥30.60","¥43.80"
"68.","厌女（增订本）（上野千鹤子经典代表作！女性主义者就是意识到厌","175091条评论","100%推荐","上野千鹤子","光启书局","¥33.00","¥66.00"
"69.","你的敏感，就是你的天赋 高敏感的人天生不适合底层 用对天赋就能","31679条评论","100%推荐","伊米・洛","天津科学技术出版社","¥31.80","¥49.00"
"70.","你也走了很远的路吧（新增2万余字，4篇文章，关于特殊时期成长的","723445条评论","100%推荐","卢思浩","湖南文艺出版社","¥24.90","¥49.80"
"71.","额尔古纳河右岸（茅盾文学奖获奖作品全集28）","1146766条评论","100%推荐","迟子建","人民文学出版社","¥16.00","¥32.00"
"72.","新版・长青藤国际大奖小说书系・第6辑：十二岁的旅程","79514条评论","100%推荐","赖清河","云南出版集团公司 晨光出版社","¥16.70","¥28.00"
"73.","真希望你也喜欢自己（销量超过140万册！房琪shou部图书作品，写给","682640条评论","100%推荐","房琪kiki","北京联合出版有限公司","¥34.30","¥49.80"
"74.","【印签版】一句顶一万句（刘震云作品，一本让“中国脱口秀扛把子","627904条评论","99.9%推荐","刘震云","花城出版社","¥37.40","¥68.00"
"75.","人鱼陷落3（长佩原创人气文学，高人气作者麟潜口碑代表作！）","15223条评论","100%推荐","麟潜","上海文化出版社","¥26.40","¥52.80"
"76.","红楼梦（上、下册，全两册，全本120回）（团购电话:400-1066666转","992182条评论","99.7%推荐","曹雪芹","人民文学出版社","¥29.85","¥59.70"
"77.","中国文化常识1000问中华文明演进发展过程中国传统文化知识精华手","29398条评论","100%推荐","开心文化研究中心","湖南教育出版社","¥39.80","¥80.00"
"78.","【2册】小鸟啃坏玫瑰还说人类脾气太暴躁+小狗疑心大宇宙阴谋篡夺","6239条评论","100%推荐","泰戈尔","江苏凤凰文艺出版社","¥59.80","¥119.60"
"79.","昆虫记 小学生课外阅读丛书","29791条评论","100%推荐","长江出版社","长江出版社","¥9.20","¥19.80"
"80.","中华人民共和国民法典(32开压纹烫金版 附草案说明)2021年1月起正","245221条评论","100%推荐","法律出版社","法律出版社","¥7.90","¥28.00"
"81.","人生海海（麦家经典代表作。发行超350万册，创文学新奇迹。人生海","1384757条评论","100%推荐","麦家","北京十月文艺出版社","¥34.50","¥69.00"
"82.","波西和皮普7册经典套装(小小聪明豆系列绘本)0-4岁低幼启蒙情绪管","396896条评论","100%推荐","阿克塞尔・舍夫勒","外语教学与研究出版社","¥40.20","¥73.00"
"83.","500个侦探推理游戏","119122条评论","99.9%推荐","黄青翔","中国华侨出版社","¥8.90","¥19.80"
"84.","全球最美的100个地方 图说天下 寻梦之旅","102839条评论","100%推荐","图说天下","四川人民出版社","¥23.90","¥29.90"
"85.","没头脑和不高兴（注音版）","667677条评论","100%推荐","任溶溶","浙江少年儿童出版社","¥15.00","¥25.00"
"86.","华杉讲透孙子兵法（《狂飙》高启强的人生之书！这回终于读懂孙子","26648条评论","100%推荐","华杉","江苏文艺出版社","¥24.90","¥49.80"
"87.","本巴（第11届茅盾文学奖获奖作品。以蒙古族史诗《江格尔》为背景","59591条评论","100%推荐","刘亮程","译林出版社","¥29.50","¥59.00"
"88.","屁屁侦探全新2册精装桥梁书9-10，含“屁屁侦探恋爱了？”+“招财","16468条评论","100%推荐","Troll","三环出版社","¥35.00","¥70.00"
"89.","桂冠国际大奖儿童文学 注音版―《偷时间的孩子》","78676条评论","100%推荐","李知悬","云南出版集团公司 晨光出版社","¥11.00","¥22.00"
"90.","我的情绪小怪兽（3-8岁） 信谊世界精选图画书","73197条评论","100%推荐","安娜・耶纳斯","四川少年儿童出版社","¥24.90","¥49.80"
"91.","大地上的家乡（2024百班千人暑期书目初中学生8年级名师推荐全新正","33398条评论","100%推荐","刘亮程","译林出版社","¥58.00","¥58.00"
"92.","杨绛传：永不褪色的优雅（精装版 附赠书签）","83620条评论","100%推荐","吴玲","青岛出版社","¥10.50","¥30.00"
"93.","经典常谈 朱自清著八年级下册语文教材名著导读推荐阅读书目 适合","185480条评论","100%推荐","朱自清","南方出版社","¥20.10","¥26.80"
"94.","百年孤独（同名电视剧热播，诺奖得主马尔克斯代表作，魔幻现实主","10054条评论","100%推荐","哥伦","南海出版公司","¥49.00","¥69.00"
"95.","十万个为什么 四年级下册快乐读书吧（含上下两本、彩色版 上下册","125382条评论","100%推荐","曹文轩","人民教育出版社","¥48.75","¥75.00"
"96.","人鱼陷落（高人气作者麟潜口碑代表作！）","74949条评论","100%推荐","麟潜","湖南文艺出版社","¥26.40","¥52.80"
"97.","别让任何人消耗你内心的晴朗（一旦察觉到自己状态不对，一定要把","558条评论","100%推荐","今日文室","北京联合出版有限公司","¥20.00","¥56.00"
"98.","五味太郎：小金鱼逃走了","473772条评论","100%推荐","五味太郎","新星出版社","¥21.40","¥35.00"
"99.","抱抱（0-3岁） 信谊世界精选图画书","199153条评论","100%推荐","作绘者","明天出版社","¥22.90","¥45.80"
"100.","往里走，安顿自己 史学大家许倬云重磅新作！刘擎推荐！总感觉自己","47029条评论","100%推荐","许倬云","北京日报出版社","¥29.90","¥59.90"
"101.","米小圈脑筋急转弯（第一辑）（套装共4册）","769740条评论","96%推荐","北猫","四川少儿出版社","¥32.00","¥64.00"
"102.","刘亮程作品（3册）：一个人的村庄+本巴+大地上的家乡（茅盾文学奖","30529条评论","100%推荐","刘亮程","译林出版社","¥169.15","¥185.00"
"103.","桑式暗恋法则（桑幼×周砚 双学霸×智性恋，黑马作者 温柔文人 正","3135条评论","100%推荐","温柔文人","江苏凤凰文艺出版社","¥31.50","¥42.00"
"104.","我们的身体 儿童3D立体科普绘本3-6岁人体早教认知百科生理科普启","776476条评论","100%推荐","艾德兰","未来出版社","¥77.50","¥155.00"
"105.","月亮与六便士（荣获2024当当世界名著畅销榜第1名！166万读者罕见","1669722条评论","100%推荐","毛姆","浙江文艺出版社","¥9.90","¥39.80"
"106.","大中华寻宝系列31 吉林寻宝记","95904条评论","100%推荐","京鼎动漫","二十一世纪出版社","¥26.00","¥39.80"
"107.","妈妈买绿豆（3-8岁） 信谊幼儿文学奖","356627条评论","100%推荐","曾阳晴","明天出版社","¥17.90","¥35.80"
"108.","人鱼陷落4（畅销书作者麟潜口碑代表作！当当专享电子屏保）","20397条评论","100%推荐","麟潜","上海文化出版社","¥26.40","¥52.80"
"109.","真需求（商业女神梁宁图书作品/从有个想法，到真赚到钱，一本书全","40236条评论","100%推荐","梁宁","新星出版社","¥59.00","¥99.00"
"110.","朝俞（全2册） 限定正面白版护封+背面黑版护封套装 原名伪装学渣","34806条评论","100%推荐","木瓜黄","广东旅游出版社","¥45.40","¥79.60"
"111.","敖丙传+	 哪吒","1627条评论","100%推荐","二斯特洛夫斯基","九州出版社","¥104.86","¥115.80"
"112.","听风八百遍，才知是人间（史铁生、汪曾祺、梁实秋、丰子恺、沈从","185590条评论","100%推荐","史铁生","华中科技大学出版社","¥24.90","¥49.80"
"113.","俗世奇人（足本）（《语文》推荐阅读丛书）人民文学出版社","509549条评论","100%推荐","冯骥才","人民文学出版社","¥15.80","¥28.00"
"114.","亮丽精美触摸书：小兔比利 0-3岁幼儿早教启蒙感官认知触感翻翻书","189183条评论","100%推荐","莫里斯・普莱格尔","未来出版社","¥34.40","¥68.80"
"115.","西游小剧（全60册）","26条评论","100%推荐","小喜鹊","电子工业出版社","¥249.00","¥498.00"
"116.","允许一切发生：过不紧绷松弛的人生（莫言、演员吴越、海灵格倡导","140325条评论","100%推荐","李梦霁","古吴轩出版社","¥14.90","¥52.80"
"117.","十八岁出门远行（严重精神内耗，一定要读十八岁！余华成名作！看","153734条评论","100%推荐","余华","江苏凤凰文艺出版社","¥29.20","¥45.00"
"118.","人鱼陷落2（高人气作者麟潜口碑代表作！）","23770条评论","100%推荐","麟潜","上海文化出版社","¥26.40","¥52.80"
"119.","绿山墙的安妮 小学生课外阅读丛书","29326条评论","100%推荐","长江出版社","长江出版社","¥9.20","¥19.80"
"120.","如果历史是一群喵13・大明皇朝篇","186162条评论","100%推荐","肥志","广东旅游出版社","¥26.80","¥59.80"
"121.","道德经（中华经典名著全本全注全译-三全本）","193029条评论","100%推荐","张景","中华书局","¥15.00","¥30.00"
"122.","2024年诺贝尔文学奖得主韩江作品：素食者（亚洲首位布克国际文学","88979条评论","100%推荐","韩江","四川文艺出版社","¥36.40","¥52.80"
"123.","傲慢与偏见 世界名著典藏","203794条评论","99.9%推荐","奥斯丁","中央编译出版社","¥9.70","¥20.00"
"124.","橙黄橘绿半甜时：季羡林、史铁生、汪曾祺等文学大家 全新四时节令","159293条评论","100%推荐","季羡林","光明日报出版社","¥9.90","¥49.80"
"125.","钢铁是怎样炼成的 八年级下 名著阅读课程化丛书 导读版 人民教育","227007条评论","100%推荐","尼.奥斯特洛夫斯基","人民教育出版社","¥32.85","¥43.80"
"126.","二次成长（新版）戳穿“混得不好”的人生真相。我们90%的问题都与","24052条评论","100%推荐","史蒂芬・柯维","光明日报出版社","¥19.90","¥58.00"
"127.","高效能人士的七个习惯（30周年纪念版）（全新增订版）（新增《纽","391300条评论","100%推荐","麦克・罗奇","中国青年出版社","¥39.50","¥79.00"
"128.","业力管理：善用业力法则创造富足人生（团购，请致电400-106-6666","103050条评论","99.9%推荐","方素珍","华文出版社","¥19.40","¥36.00"
"129.","我有友情要出租（拼音版）","382897条评论","100%推荐","中国法制出版社","新疆青少年出版社","¥9.00","¥18.00"
"130.","【2023年版】中华人民共和国宪法（实用版）（根据修改后的立法法","122978条评论","100%推荐","马歇尔","中国法治出版社","¥7.70","¥22.00"
"131.","非暴力沟通（修订版）","1045607条评论","100%推荐","江南","华夏出版社","¥35.88","¥59.80"
"132.","龙族3黑月之潮・下","117150条评论","92.6%推荐","博多・舍费尔","长江出版社","¥16.50","¥36.80"
"133.","小狗钱钱（套装2册）（附赠免费亲子财商课+理财秘籍思维导图）","476198条评论","100%推荐","陈晨","中信出版社","¥43.80","¥79.60"
"134.","中国值得去的100个博物馆 跟着少年游学开眼界 掌握多学科思维","27055条评论","100%推荐","罗尔德・达尔","北方妇女儿童出版社","¥12.00","¥34.00"
"135.","罗尔德・达尔作品典藏（彩图拼音版）―了不起的狐狸爸爸","463247条评论","100%推荐","亨利・戴维・梭罗","明天出版社","¥14.00","¥28.00"
"136.","瓦尔登湖（央视朗读者朗读书目，梁文道、清华大学校长邱勇推荐。","202840条评论","99.9%推荐","长江出版社","天津人民出版社","¥25.00","¥49.90"
"137.","尼尔斯骑鹅旅行记历险记彩绘注音版 6-12岁小学生课外阅读书籍 一","92201条评论","100%推荐","杰里・斯皮内利","长江出版社","¥9.20","¥19.80"
"138.","新版・长青藤国际大奖小说书系・第6辑：想赢的男孩","39960条评论","100%推荐","布克布克","云南出版集团公司 晨光出版社","¥12.00","¥24.00"
"139.","4-6岁我的第一本思维游戏书・侦探推理","91861条评论","100%推荐","怀特","中国少年儿童出版社","¥7.50","¥18.00"
"140.","夏洛的网(2020版）（三年级阅读经典书目）","1430168条评论","99.4%推荐","","上海译文出版社","¥27.50","¥37.00"
"141.","繁星春水 先锋经典文库（精装本）冰心先生“爱的哲学”代表作，广","193587条评论","99.8%推荐","冰心","陕西师范大学出版社","¥23.50","¥49.00"
"142.","屁屁侦探桥梁书平装11册（第一辑+第二辑+番外+2册新书送游戏册）","9683条评论","100%推荐","Troll","三环出版社","¥109.00","¥209.00"
"143.","兜底（当当专享印签版+能量书签。修炼为自己撑腰的能力！写给所有","13692条评论","100%推荐","晴山","中国友谊出版公司","¥29.90","¥49.80"
"144.","探险家贝蒂尔（全3册）","3条评论","100%推荐","张昕","电子工业出版社","¥34.00","¥68.00"
"145.","人间草木（文学大家、生活家汪曾祺经典散文集升级版，水一样的文","82085条评论","100%推荐","汪曾祺","民主与建设出版社","¥16.38","¥42.00"
"146.","遥远的救世主（天道原著王志文主演电视剧豆豆著 现当代经典长篇小","25293条评论","100%推荐","豆豆","作家出版社","¥29.00","¥58.00"
"147.","摄影轻松入门一本就够（全彩）","332030条评论","100%推荐","先锋影像","电子工业出版社","¥49.50","¥99.00"
"148.","善平爷爷的草莓国际获奖绘本花园儿童图画故事书幼儿园宝宝亲子阅","120377条评论","100%推荐","松冈","长江少年儿童出版社","¥12.50","¥25.00"
"149.","快乐就是哈哈哈哈哈","559709条评论","100%推荐","梁实秋","中国友谊出版公司","¥26.00","¥52.00"
"150.","躲在蚊子后面的大象（拯救讨好型人格，知名学者陈嘉映强烈推荐，","130337条评论","100%推荐","恩斯特弗里德・哈尼希","台海出版社","¥29.90","¥49.80"
"151.","故宫博物院 青少年研学旅游百科 穷游富游不如少年游学","3934条评论","100%推荐","陈晨","北京联合出版有限公司","¥12.80","¥34.00"
"152.","没头脑和不高兴 任溶溶编著彩色注音版正版经典动画故事书小学生一","171953条评论","100%推荐","任溶溶","安徽少年儿童出版社","¥8.10","¥25.00"
"153.","米小圈上学记三年级（套装共4册）","418904条评论","100%推荐","北猫","四川少年儿童出版社","¥50.00","¥100.00"
"154.","龙族3黑月之潮・中","111631条评论","99.7%推荐","江南","长江出版社","¥13.40","¥29.80"
"155.","破解欺凌的游戏","5862条评论","100%推荐","菲利普・阿伊姆","浙江教育出版社","¥30.80","¥68.00"
"156.","儿童情绪管理与性格培养绘本--我现在就想要：学会延迟满足，提升","3055条评论","100%推荐","丹・格雷厄姆","化学工业出版社","¥9.90","¥19.80"
"157.","全频带阻塞干扰 刘慈欣少儿科幻系列（《三体》作者写给孩子们的科","15553条评论","100%推荐","刘慈欣","科学普及出版社","¥11.70","¥30.00"
"158.","务虚笔记（史铁生著/半自传式作品）","94841条评论","100%推荐","史铁生","人民文学出版社","¥22.60","¥40.00"
"159.","267 碗好吃的面（汤面、拌面、炒面、�h面与汤头、高汤、酱料的奇","95429条评论","99.9%推荐","杨桃美食","江苏科学技术出版社","¥9.50","¥29.80"
"160.","AI未来进行式（DeepSeek、宇树科技、人形机器人、AI面试官……本","15613条评论","100%推荐","李开复","浙江人民出版社","¥44.00","¥88.00"
"161.","能断金刚：超凡的经营智慧（《当和尚遇到钻石》十周年增订版）新","121770条评论","99.9%推荐","麦克・罗奇","江西人民出版社","¥26.00","¥52.00"
"162.","逻辑推理游戏 彩图版 逻辑思维训练 专注力训练游戏书 智力训练 小","11442条评论","100%推荐","姜巍","北京教育出版社","¥7.20","¥25.80"
"163.","学生课外阅读丛书 小鹿斑比 6-12岁小学生课外读物 国际获奖小说一","21869条评论","100%推荐","长江出版社","长江出版社","¥9.20","¥19.80"
"164.","彩虹色的花","453309条评论","100%推荐","麦克","二十一世纪出版社","¥23.00","¥46.00"
"165.","首先你要快乐，其次都是其次（快乐就是把一件小事做得热血沸腾，","62064条评论","100%推荐","林小仙","中国妇女出版社","¥29.50","¥59.00"
"166.","我爸爸我妈妈全2册――董宇辉推荐、清华附小推荐经典儿童绘本","616023条评论","100%推荐","安东尼・布朗","河北教育出版社","¥45.80","¥91.60"
"167.","心灵教科书绘本系列：西兰花先生的理发店（教会孩子：敢于打破常","390714条评论","100%推荐","福田纯子","海豚出版社","¥26.91","¥59.80"
"168.","认物大全 儿童成长启蒙丛书彩绘注音版 幼儿启蒙看图识物视觉认知","13条评论","100%推荐","孟云霞","天津人民美术出版社","¥9.90","¥19.80"
"169.","云边有个小卖部（俞敏洪《在岁月中远行》单独撰文推荐，随书附赠","1728186条评论","100%推荐","张嘉佳","湖南文艺出版社","¥28.00","¥42.00"
"170.","第七天（2024年百班千人寒假书单 九年级推荐阅读）（2022版，余华","615672条评论","100%推荐","余华","新星出版社","¥33.80","¥49.00"
"171.","窗边的小豆豆（影响21世纪的儿童文学杰作，北大名师推荐，2500万","1793522条评论","99.9%推荐","黑柳彻子","南海出版公司","¥27.20","¥39.50"
"172.","沧浪之水（插图典藏版）","133249条评论","99.7%推荐","阎真","湖南文艺出版社","¥27.20","¥56.80"
"173.","带壳的牡蛎是大人的心脏（当当专享签章版+作者亲绘贴纸。央视新闻","505178条评论","100%推荐","拟泥nini","北京联合出版有限公司","¥40.80","¥68.00"
"174.","昆虫记 青少年儿童文学读物 (中小学生课外阅读指导丛书) 无障碍阅","154954条评论","99.9%推荐","法布尔","山东美术出版社","¥10.40","¥28.80"
"175.","灰尘的旅行 中国科普作品精选 人民教育出版社四年级下册（含上下","130734条评论","100%推荐","曹文轩","人民教育出版社","¥32.50","¥50.00"
"176.","追风筝的人（李雪琴、高圆圆推荐）","1246935条评论","100%推荐","卡勒德・胡赛尼","上海人民出版社","¥22.50","¥45.00"
"177.","少年读史记（套装全5册）中华优秀出版物获奖图书，张嘉骅巅峰之作","1450522条评论","100%推荐","张嘉骅","青岛出版社","¥50.00","¥100.00"
"178.","世界上最棒的礼物――抖音papi酱推荐 首届丰子恺奖得主赖马经典绘","310279条评论","100%推荐","赖马","北京联合出版有限公司","¥26.40","¥52.80"
"179.","课文作家作品系列 文具的家 一年级下册 圣野著（语文教材配套、教","170688条评论","100%推荐","圣野","人民教育出版社","¥9.50","¥21.00"
"180.","红岩 八年级上册阅读名著正版原著罗广斌杨益言著爱国主义红色经典","26214条评论","100%推荐","罗广斌","中国青年出版社","¥38.40","¥48.00"
"181.","我偏爱这人间荒芜【当当定制金句小卡】祝你逃出苦难向春山 顾桥生","48480条评论","100%推荐","顾桥生","江苏凤凰文艺出版社","¥27.80","¥42.00"
"182.","华杉讲透孙子兵法（《狂飙》高启强的人生之书！这回终于读懂孙子","223778条评论","99.8%推荐","华杉","江苏文艺出版社","¥34.90","¥69.80"
"183.","史铁生：总有路在等你（中国文坛名家的人生悲喜书，重要的不是终","47989条评论","100%推荐","史铁生","湖南文艺出版社","¥22.40","¥49.80"
"184.","次第花开：希阿荣博堪布写给现代读者安顿心灵的智慧之书灵的智慧","896950条评论","100%推荐","希阿荣博堪布","海南出版社","¥19.90","¥39.80"
"185.","外婆","142644条评论","100%推荐","伍剑","长江少年儿童出版社","¥12.50","¥25.00"
"186.","跟着课本去旅行 带着孩子游世界 图说天下中小学生语文知识拓展","166171条评论","100%推荐","霍晨昕","石油工业出版社","¥12.20","¥40.00"
"187.","神奇的答案之书（2024全新修订版，足足784页）畅销92个月的神奇之","193678条评论","99.9%推荐","梅森","吉林美术出版社","¥11.10","¥35.00"
"188.","青春期女孩教育书籍青春期女孩枕边书10-18岁妈妈送给青春期女儿私","12242条评论","100%推荐","青蓝图书","新蕾出版社","¥24.90","¥49.80"
"189.","空腹力（医学博士教你锻炼“空腹力”，让身体脱胎换骨！）","81244条评论","100%推荐","石原结实","天津科学技术出版社","¥29.00","¥58.00"
"190.","晚熟的人（莫言新书）","613338条评论","100%推荐","莫言","人民文学出版社","¥29.50","¥59.00"
"191.","漫画少年学墨菲定律","40285条评论","100%推荐","狐说新语","三环出版社","¥29.80","¥59.80"
"192.","每个人的花期不同，不必焦虑有人比你提前拥有（允许自己是那朵晚","16580条评论","100%推荐","万特特","新世界出版社","¥24.90","¥49.80"
"193.","找不同（全4册）初级篇 彩图大字版 专注力逻辑思维训练","10091条评论","100%推荐","郑丽萍","北京教育出版社","¥9.10","¥39.80"
"194.","和大人一起读（全4册）小学生一年级上册快乐读书吧推荐阅读书目","74712条评论","100%推荐","樊发稼","商务印书馆","¥14.50","¥42.80"
"195.","我爱你中国 走遍祖国 少年游学地理百科（学某思推荐阅读）","40113条评论","100%推荐","日知图书","北方妇女儿童出版社","¥9.90","¥34.00"
"196.","肚子里有个火车站（德国精选科学图画书  大开本新版）","79279条评论","100%推荐","安娜・鲁斯曼","北京科学技术出版社","¥18.00","¥45.00"
"197.","跟着课本游中国 少年游学地理百科","80595条评论","100%推荐","日知图书","北方妇女儿童出版社","¥9.90","¥34.00"
"198.","中华人民共和国民法典（实用版）【注释实用 文本规范 解读详致 附","37139条评论","100%推荐","中国法制出版社","中国法治出版社","¥19.50","¥65.00"
"199.","如何说孩子才会听 怎么听孩子才肯说（全新修订版）","1152426条评论","99.9%推荐","玛兹丽施","中央编译出版社","¥18.40","¥36.80"
"200.","世上为什么要有图书馆（译文纪实系列・陌生的中国）","12979条评论","100%推荐","杨素秋","上海译文出版社","¥34.80","¥58.00"
"201.","我的身体很重要精装2-4-6岁宝宝自我保护防范性侵低龄性教育绘本亲","19782条评论","100%推荐","远见才希子","新世纪出版社","¥19.80","¥49.00"
"202.","康熙的红票：全球化中的清朝","22573条评论","100%推荐","孙立天","商务印书馆","¥39.00","¥78.00"
"203.","神奇校车・桥梁书 升级点读版（套装全20册)附赠1本科普知识拓展手","13473条评论","100%推荐","乔安楠・柯尔","新世纪出版社","¥99.00","¥165.00"
"204.","明朝那些事儿增补版.全集","590911条评论","99.9%推荐","当年明月","北京联合出版有限公司","¥243.00","¥405.00"
"205.","中国历代政治得失（赠三万余字导读手册，当当加赠超大张思维导图","117873条评论","100%推荐","钱穆","岳麓书社","¥19.90","¥39.80"
"206.","呼兰河传(《语文》推荐阅读丛书)人民文学出版社","286686条评论","100%推荐","萧红","人民文学出版社","¥13.00","¥26.00"
"207.","苏东坡传（林语堂纪念典藏精装版）","1202087条评论","100%推荐","林语堂","湖南文艺出版社","¥26.00","¥52.00"
"208.","以你为名的夏天完结篇【印特签版】任凭舟","12330条评论","100%推荐","任凭舟","敦煌文艺出版社","¥30.10","¥52.80"
"209.","国之脊梁――中国院士的科学人生百年","68247条评论","100%推荐","中国科学院学部","浙江少年儿童出版社","¥39.00","¥68.00"
"210.","有故事的汉字 第1辑（全3册）彩色印刷，图文并茂，详细诠释汉字的","225762条评论","99.8%推荐","邱昭瑜","青岛出版社","¥30.00","¥60.00"
"211.","迷宫（全4册）初级篇 彩图大字版 专注力逻辑思维训练","37673条评论","100%推荐","郑丽萍","北京教育出版社","¥9.10","¥39.80"
"212.","大自然里的田鼠小弟：给城市孩子的自然童话（全6册）（3-6岁绘本","20144条评论","100%推荐","武鹿悦子","文汇出版社","¥56.40","¥112.80"
"213.","费曼学习法（用输出倒逼输入）","111920条评论","100%推荐","尹红心","江苏凤凰文艺出版社","¥22.50","¥45.00"
"214.","2024中华人民共和国刑法（实用版）（第十版）根据刑法修正案（十","30266条评论","100%推荐","中国法制出版社","中国法治出版社","¥10.50","¥30.00"
"215.","老神仙系列丛书：糊涂仙儿灶王爷（原创性民间故事 文学化民俗传统","1334条评论","100%推荐","张菱儿","朝华出版社","¥12.00","¥29.80"
"216.","课文作家作品系列 蜘蛛开店 二年级下册 鲁冰著（语文教材配套、教","182520条评论","100%推荐","鲁冰","人民教育出版社","¥11.30","¥25.00"
"217.","东野圭吾：白夜行（易烊千玺、孟非推荐，东野圭吾作品无冕之王）","2198401条评论","99.9%推荐","东野圭吾","南海出版公司","¥35.20","¥59.60"
"218.","老神仙系列丛书：哭鼻子仙儿（原创性民间故事 文学化民俗传统 帮","1808条评论","100%推荐","张菱儿","朝华出版社","¥12.00","¥29.80"
"219.","南京博物院 青少年研学旅游百科 穷游富游不如少年游学","6788条评论","100%推荐","陈晨","北京联合出版有限公司","¥12.80","¥34.00"
"220.","消失的13级台阶（罗翔推荐！荣获日本推理小说至高荣誉江户川乱步","412356条评论","100%推荐","高野和明","上海文艺出版社","¥21.00","¥42.00"
"221.","青春期男孩教育书籍 青春期男孩成长手册10-18岁好爸爸送给青春期","63758条评论","100%推荐","青蓝图书","中航出版传媒有限责任公司","¥19.90","¥39.80"
"222.","图解风水入门--最浅显的风水入门读本，即学即会的风水实战、布局","85885条评论","99.8%推荐","李静","文化艺术出版社","¥11.50","¥36.00"
"223.","老神仙系列丛书：来自星星的仙儿（原创性民间故事 文学化民俗传统","291条评论","100%推荐","张菱儿","朝华出版社","¥12.00","¥29.80"
"224.","老神仙系列丛书：四蛇童子（原创性民间故事 文学化民俗传统 帮中","475条评论","100%推荐","张菱儿","朝华出版社","¥12.00","¥29.80"
"225.","秘密（经典身心灵励志读物，为人生带来喜悦转变的能量之书，“吸","325884条评论","99.8%推荐","朗达・拜恩","湖南文艺出版社","¥28.00","¥56.00"
"226.","你杀了谁（时隔25年，东野圭吾重启本格推理，加贺系列新作！赠流","18783条评论","100%推荐","东野圭吾","南海出版公司","¥29.50","¥59.00"
"227.","钝感力（渡边淳一经典励志大作！央视新闻、《奇葩说》鼎力推荐，","921392条评论","99.9%推荐","渡边淳一","青岛出版社","¥16.00","¥32.00"
"228.","小学生社交情商漫画（全2册）提升社交力，培养高情商，甄选真朋友","2639条评论","100%推荐","歪歪兔童书馆","海豚出版社","¥50.00","¥100.00"
"229.","米小圈上学记一年级（套装共4册）","765373条评论","100%推荐","北猫","四川少年儿童出版社","¥50.00","¥100.00"
"230.","老神仙系列丛书：迷糊仙儿土地爷（原创性民间故事 文学化民俗传统","511条评论","100%推荐","张菱儿","朝华出版社","¥12.00","¥29.80"
"231.","老神仙系列丛书：福星歪照小笨仙儿（原创性民间故事 文学化民俗传","1404条评论","100%推荐","张菱儿","朝华出版社","¥12.00","¥29.80"
"232.","新版林格伦作品选集・美绘版―― 长袜子皮皮","367524条评论","100%推荐","阿斯特丽德・林格伦","中国少年儿童出版社","¥17.50","¥35.00"
"233.","钢铁是怎样炼成的(《语文》推荐阅读丛书)人民文学出版社","305965条评论","100%推荐","尼・奥斯特洛夫斯基","人民文学出版社","¥19.10","¥36.00"
"234.","呼啸山庄（原版插图全译本）浙大著名翻译家宋兆霖译本全新修订 专","9024条评论","100%推荐","艾米莉・勃朗特","中央编译出版社","¥6.60","¥29.80"
"235.","骆驼祥子 全本（《语文》推荐阅读丛书）七年级下册推荐阅读 人民","411439条评论","100%推荐","老舍","人民文学出版社","¥13.60","¥26.00"
"236.","老神仙系列丛书：三眼仙儿马王爷（原创性民间故事 文学化民俗传统","167条评论","99.4%推荐","张菱儿","朝华出版社","¥12.00","¥29.80"
"237.","尤斯伯恩玩具书・奇妙发声书・农场里边谁在吵","81616条评论","100%推荐","英国尤斯伯恩出版公司","接力出版社","¥59.10","¥88.00"
"238.","老神仙系列丛书：臭仙儿紫姑（原创性民间故事 文学化民俗传统 帮","190条评论","100%推荐","张菱儿","朝华出版社","¥12.00","¥29.80"
"239.","海昏（马伯庸推荐，豆瓣高分历史悬疑神作）","3477条评论","99.9%推荐","雷克斯","太白文艺出版社","¥39.80","¥69.80"
"240.","三个小小人识字分级阅读・全五级（全50册）绘本妈妈海桐推荐！从","875条评论","100%推荐","郑利强","海豚出版社","¥445.00","¥890.00"
"241.","人生得遇苏东坡（限量印签版。3500万人都在听意公子讲苏东坡，播","5394条评论","99.9%推荐","意公子","太白文艺出版社","¥49.00","¥89.00"
"242.","她不哄他了 （高人气BE美学口碑新作。新生代人气作者秋日凉首本青","15448条评论","100%推荐","秋日凉","广东旅游出版社","¥29.60","¥52.00"
"243.","毛泽东选集（全四册，精装）","41476条评论","99.7%推荐","毛泽东","人民出版社","¥119.00","¥170.00"
"244.","小清欢【印特签版+当当定制贴纸】","32953条评论","100%推荐","云拿月","江苏凤凰文艺出版社","¥35.80","¥42.80"
"245.","地藏菩萨本愿经（简体、横排、注音、国学经典诵读本）","183994条评论","100%推荐","中华文化讲堂","团结出版社","¥10.30","¥18.00"
"246.","宝宝情绪管理与性格培养绘本--这是我的！――尊重和培养孩子的所","8720条评论","100%推荐","卡罗尔・泽温","化学工业出版社","¥7.90","¥15.80"
"247.","中国最美的100个地方 图说天下 国家地理","349708条评论","99.9%推荐","图书天下・国家地理","北京联合出版公司","¥9.95","¥19.90"
"248.","习近平总书记关于党的建设的重要思想概论","391条评论","100%推荐","中共中央组织部","党建读物出版社","¥23.80","¥28.00"
"249.","小猪佩奇情绪管理绘本 培养好性格系列（套装5册）3-6岁儿童睡前故","6853条评论","99.9%推荐","安韶","安徽少年儿童出版社","¥17.50","¥50.00"
"250.","身体由我：关于了不起的女性身体的一切","31001条评论","100%推荐","希拉・德利兹","北京科学技术出版社","¥34.50","¥69.00"
"251.","把自己重养一遍（爱自己这件事，希望你能拿满分。重新养自己一遍","42008条评论","100%推荐","梁爽","天地出版社","¥26.00","¥52.00"
"252.","新版・长青藤国际大奖小说书系――十岁那年","173732条评论","100%推荐","赖清河","云南出版集团公司 晨光出版社","¥15.20","¥26.00"
"253.","流俗地（《亚洲周刊》2020年度十大小说，王德威、王安忆、董启章","46665条评论","100%推荐","马来","北京十月文艺出版社","¥27.50","¥55.00"
"254.","米小圈脑筋急转弯（第二辑）(套装共4册）","206328条评论","100%推荐","北猫","四川少儿出版社","¥32.00","¥64.00"
"255.","从你的全世界路过：修订本（一本张嘉佳创作的、让所有人心动的睡","1225775条评论","99.7%推荐","张嘉佳","湖南文艺出版社","¥22.50","¥45.00"
"256.","逻辑哲学论(汉译名著本)","27426条评论","100%推荐","维特根斯坦","商务印书馆","¥15.70","¥20.00"
"257.","家庭的觉醒","139731条评论","100%推荐","沙法丽","上海社会科学院出版社","¥24.40","¥48.80"
"258.","协和专家孕产大百科（汉竹）","174503条评论","100%推荐","马良坤","江苏科学技术出版社","¥24.90","¥49.80"
"259.","黄帝内经全集（全译图解版）中医养生本源之书","141635条评论","99.9%推荐","肖建喜","吉林科学技术出版社","¥44.90","¥99.90"
"260.","异兽迷城（彭湃人气热血力作）","16167条评论","100%推荐","彭湃","百花文艺出版社","¥28.80","¥49.80"
"261.","渡夏天","2327条评论","100%推荐","甜野豹","江苏凤凰文艺出版社","¥21.40","¥42.80"
"262.","地粮・新粮（《人间食粮》又一高分译本，《窄门》作者、诺奖得主","19588条评论","100%推荐","安德烈・纪德","广西师范大学出版社","¥34.00","¥59.80"
"263.","人间小满：央视网推荐作者，CCTV-10《读书》推荐图书，第九届当当","180620条评论","100%推荐","姑苏阿焦","水利水电出版社","¥19.50","¥58.00"
"264.","罗尔德・达尔作品典藏 查理和巧克力工厂","453974条评论","99.9%推荐","罗尔德・达尔","明天出版社","¥11.00","¥22.00"
"265.","狂人日记：鲁迅小说全集（1938年复社底本，中国白话小说开山之作","313362条评论","100%推荐","鲁迅","中国友谊出版公司","¥15.50","¥39.80"
"266.","美国儿科学会育儿百科（第7版）","539184条评论","100%推荐","塔尼娅・奥尔特曼","北京科学技术出版社","¥61.50","¥108.00"
"267.","儿童健康讲记：一个中医眼中的儿童健康、心理与教育（李辛老师关","187521条评论","99.9%推荐","李辛","四川科技出版社","¥28.80","¥48.00"
"268.","你不必着急成为一个大人（马家辉和张家瑜的亲情散文之书。原来大","764条评论","100%推荐","马家辉","花城出版社","¥29.90","¥59.80"
"269.","自渡：真希望你能好好爱自己","36331条评论","100%推荐","墨多先生","人民邮电出版社","¥29.90","¥59.80"
"270.","东野圭吾：解忧杂货店（胡歌、王俊凯、刘昊然倾情推荐，简体中文","2670580条评论","99.8%推荐","东野圭吾","南海出版公司","¥29.50","¥59.00"
"271.","明朝那些事儿增补版.第1部（2021版）（当当专供）","142484条评论","100%推荐","当年明月","北京联合出版有限公司","¥27.00","¥45.00"
"272.","蝴蝶・豌豆花","411750条评论","99.9%推荐","金波","河北教育出版社","¥10.10","¥25.80"
"273.","平凡的世界：全三册（全新2021版，茅盾文学奖获奖作品，激励青年","1267651条评论","100%推荐","路遥","北京十月文艺出版社","¥98.00","¥138.00"
"274.","怪老头儿 百年百部精选注音书 孙幼军的代表作 天马行空的故事，趣","20033条评论","100%推荐","孙幼军","长江少年儿童出版社","¥10.30","¥25.00"
"275.","小王子（易烊千玺推荐李继宏导演《小王子》电影，畅销500万册，罗","1844610条评论","99.9%推荐","安托万・德・圣埃克苏佩里","天津人民出版社","¥19.90","¥39.80"
"276.","知行合一王阳明（百万读者的心学入门书！深入解读知行合一及其创","233962条评论","99.8%推荐","度阴山","江苏凤凰文艺出版社","¥24.90","¥49.90"
"277.","北上（作者印签版 明信片，央视热播大剧《北上》原著小说，著名作","1483条评论","100%推荐","徐则臣","北京十月文艺出版社","¥39.00","¥68.00"
"278.","西西弗神话（诺贝尔文学奖得主加缪的荒诞哲学代表作,李玉民教授原","28653条评论","100%推荐","阿尔贝","花城出版社","¥23.90","¥49.80"
"279.","异兽迷城6诸事顺利（彭湃人气热血力作）","5074条评论","100%推荐","彭湃","百花文艺出版社","¥28.80","¥49.80"
"280.","皮囊（蔡崇达著）","2604条评论","100%推荐","蔡崇达","人民文学出版社","¥24.90","¥49.80"
"281.","毛泽东选集 (全四册，大32开）","84782条评论","99.5%推荐","毛泽东","人民出版社","¥68.30","¥97.50"
"282.","对财富说是","51755条评论","100%推荐","奥南朵","广东旅游出版社","¥41.30","¥48.00"
"283.","异兽迷城4命运之锁（彭湃人气热血力作）","8775条评论","100%推荐","彭湃","百花文艺出版社","¥28.80","¥49.80"
"284.","青蛙和蟾蜍（拼音版）（7-12岁） 信谊世界精选图画书 （帮助孩子","23238条评论","100%推荐","作绘者","明天出版社","¥39.90","¥79.80"
"285.","福尔摩斯探案全集（全三册）原著原版正版中文版完整无删减 精装硬","16672条评论","100%推荐","阿瑟・柯南・道尔","文化发展出版社","¥44.26","¥128.00"
"286.","真希望我父母读过这本书（二十年资历心理治疗师写给父母和孩子的","305390条评论","100%推荐","菲莉帕・佩里","中信出版社","¥24.68","¥48.00"
"287.","水先生的奇妙之旅 科学图画书系（套装共8册）","4196条评论","100%推荐","奥古斯汀","浙江少年儿童出版社","¥37.40","¥96.00"
"288.","盗墓笔记.套装（2022纪念典藏版全9册）――盗墓铁三角引你入局，","44840条评论","99.9%推荐","南派三叔","四川文艺出版社","¥300.30","¥448.20"
"289.","西游记原著版（上、下册）（团购电话:400-1066666转6）","572417条评论","99.5%推荐","吴承恩","人民文学出版社","¥24.30","¥47.20"
"290.","太白金星有点烦（马伯庸历史短小说“见微”系列口碑新作）","163040条评论","100%推荐","马伯庸","湖南文艺出版社","¥29.00","¥45.00"
"291.","米小圈上学记二年级（套装共4册）","535305条评论","100%推荐","北猫","四川少年儿童出版社","¥50.00","¥100.00"
"292.","课本里的漫画知识清单小四门4册新版小学生物理化学地理生物启蒙书","27370条评论","100%推荐","冰河插画","现代出版社","¥12.00","¥40.00"
"293.","好饿的毛毛虫（3-8岁） 信谊世界精选图画书","276256条评论","100%推荐","艾瑞・卡尔","明天出版社","¥23.40","¥46.80"
"294.","水浒传（上下册，全两册，中国古典文学读本丛书）（团购电话:400","368543条评论","99.6%推荐","施耐庵","人民文学出版社","¥25.30","¥50.60"
"295.","小英雄雨来 红色经典故事快乐读书吧六年级上册推荐阅读中小学生课","289046条评论","100%推荐","管桦","南方出版社","¥7.70","¥19.80"
"296.","繁星・春水(《语文》推荐阅读丛书) 人民文学出版社","95147条评论","100%推荐","冰心","人民文学出版社","¥16.60","¥29.00"
"297.","成何体统：全2册（人气作家七英俊脑洞奇诡的反套路宫廷文，反转到","19830条评论","100%推荐","七英俊","湖南文艺出版社","¥39.90","¥79.80"
"298.","异兽迷城5生于黑夜（彭湃人气热血力作）","7116条评论","100%推荐","彭湃","百花文艺出版社","¥28.80","¥49.80"
"299.","一起去逛博物馆（共10册）亲亲科学图书馆（10个省市博物馆包括故","5370条评论","99.9%推荐","阿卡狄亚","北京时代华文书局","¥60.00","¥120.00"
"300.","如果历史是一群喵1・夏商西周篇","138503条评论","100%推荐","肥志","广东旅游出版社","¥29.90","¥59.80"
"301.","以你为名的夏天【印签版】任凭舟","26599条评论","100%推荐","任凭舟","敦煌文艺出版社","¥37.90","¥52.80"
"302.","我与地坛","223425条评论","100%推荐","史铁生","人民文学出版社","¥19.90","¥32.00"
"303.","《缠》（网络原名《真香》）《二锅水》作者烟猫与酒“治愈”向代","297条评论","100%推荐","烟猫与酒","成都时代出版社","¥22.50","¥45.00"
"304.","将门嫡女典藏版（套装全4册）【限量印特】千山茶客代表作《重生之","11042条评论","99.9%推荐","千山茶客","青岛出版社","¥69.80","¥139.60"
"305.","阿勒泰的角落(《我的阿勒泰》姊妹篇，毛不易、于适推荐。李娟成名","115572条评论","100%推荐","李娟","新星出版社","¥40.70","¥59.00"
"306.","薛定谔的猫：一切都是思考层次的问题","29275条评论","100%推荐","何圣君","光明日报出版社","¥15.20","¥49.80"
"307.","蓦然回首（藤本树  LookBack）","102655条评论","100%推荐","藤本树","新星出版社","¥30.00","¥30.00"
"308.","语文教科书书目 人教版快乐读书吧名著阅读课程化丛书 三年级下册","148127条评论","100%推荐","曹文轩","接力出版社","¥61.01","¥75.00"
"309.","火翼飞龙（完结版，全10册，赠送书签和烫画）","3243条评论","99.9%推荐","图伊・萨瑟兰","中医古籍出版社","¥204.60","¥305.00"
"310.","精神健康讲记：一个中医眼中的心身调适与精神发展（继李辛医师《","89980条评论","100%推荐","李辛","长江少年儿童出版社","¥46.80","¥78.00"
"311.","培生幼儿英语基础词汇合辑+小猴皮皮点读笔礼盒培生千万畅销系列6","16171条评论","100%推荐","培生集团","湖南文艺出版社","¥459.00","¥1,058.00"
"312.","日本蜡烛图技术：古老东方投资术的现代指南（畅销30年的金融投资","190727条评论","99.7%推荐","史蒂夫・尼森","二十一世纪出版社","¥49.00","¥98.00"
"313.","大中华寻宝记（1-4册）","71747条评论","100%推荐","京鼎动漫","百花文艺出版社","¥79.60","¥159.20"
"314.","异兽迷城2麒麟工会（彭湃人气热血力作）","12716条评论","100%推荐","彭湃","二十一世纪出版社","¥28.80","¥49.80"
"315.","大中华寻宝记系列 30 山西寻宝记","126011条评论","100%推荐","京鼎动漫","二十一世纪出版社","¥26.00","¥39.80"
"316.","时代广场的蟋蟀（麦克米伦世纪大奖小说典藏本）","2180条评论","100%推荐","乔治・塞尔登","中国宇航出版社","¥14.90","¥29.80"
"317.","生命的重建（心灵导师露易丝・海的成名代表作，献给你的改变生命","245608条评论","99.6%推荐","露易丝・海","广东人民出版社","¥13.20","¥22.80"
"318.","早起的奇迹","101688条评论","100%推荐","哈尔・埃尔罗德","北京十月文艺出版社","¥21.00","¥39.80"
"319.","许三观卖血记（余华温情幽默之作！一本写尽中国人“三观”的小说","35600条评论","100%推荐","余华","团结出版社","¥40.70","¥59.00"
"320.","六祖坛经（新版）（谦德国学文库，中国禅宗重要的经典之一。）","94511条评论","100%推荐","慧能","","¥17.20","¥36.00"
"321.","陪老婆怀孕（汉竹）","69982条评论","100%推荐","陶新城","江苏科学技术出版社","¥19.90","¥39.80"
"322.","七色花 全彩注音 小学二年级下册 快乐读书吧 推荐阅读（有声朗读","85869条评论","100%推荐","卡达耶夫","商务印书馆","¥14.10","¥21.80"
"323.","数独（全4册）四宫格 彩图大字版 专注力逻辑思维训练","6677条评论","100%推荐","郑丽萍","北京教育出版社","¥21.80","¥39.80"
"324.","昆虫记 彩图注音版 儿童文学 一二三年级课外阅读书世界经典文学少","91910条评论","100%推荐","法布尔","北京教育出版社","¥7.20","¥25.80"
"325.","解码青春期（了解青春期究竟发生了什么，帮助父母正面管教十几岁","187780条评论","100%推荐","乔希","湖南教育出版社","¥23.40","¥46.80"
"326.","活得明白  郭德纲2024全新著作  聊的是人情 看的是人间 谈的是人","20704条评论","100%推荐","郭德纲","天地出版社","¥39.80","¥49.80"
"327.","《10堂极简漫画物理课》（海淀名师李永乐漫画物理启蒙书！讲透中","11065条评论","100%推荐","李永乐","江苏凤凰科学技术出版社","¥39.00","¥68.00"
"328.","看看我们的地球 金波、张抗抗推荐 快乐读书吧 爱阅读课程化丛书","95175条评论","100%推荐","李四光","民主与建设出版社","¥8.10","¥24.80"
"329.","小王子（原版精美插图，傅雷翻译出版奖得主郑克鲁法文直译。揭秘","278491条评论","100%推荐","圣埃克苏佩里","浙江工商大学出版社","¥9.40","¥26.00"
"330.","城南旧事（《语文》阅读丛书）人民文学出版社","183755条评论","100%推荐","林海音","人民文学出版社","¥14.40","¥26.00"
"331.","走遍中国 图说天下 寻梦之旅","687602条评论","100%推荐","霍晨昕","四川人民出版社","¥23.90","¥29.90"
"332.","治大国若烹小鲜：基层治理与世道人心","403条评论","100%推荐","吕德文","中国人民大学出版社","¥29.50","¥59.00"
"333.","怀孕每周吃什么（汉竹）","40236条评论","100%推荐","左小霞","江苏科学技术出版社","¥11.40","¥22.80"
"334.","与岁长宁.上册（追光救赎/高口碑古言《嫁反派》娇娇贵女x乖张美强","10135条评论","100%推荐","布丁琉璃","江苏凤凰文艺出版社","¥24.00","¥48.00"
"335.","小狗钱钱（附赠免费亲子财商课+理财秘籍思维导图）","410416条评论","100%推荐","博多・舍费尔","中信出版社","¥21.90","¥39.80"
"336.","河南博物院 青少年研学旅游百科 穷游富游不如少年游学","2673条评论","100%推荐","陈晨","北京联合出版有限公司","¥12.80","¥34.00"
"337.","掌控习惯如何养成好习惯并戒除坏习惯 詹姆斯克莱尔 台版译名原子","16017条评论","100%推荐","詹姆斯・克利尔","北京联合出版有限公司","¥29.00","¥58.00"
"338.","大中华寻宝系列 秦朝寻宝记","125838条评论","100%推荐","京鼎动漫","二十一世纪出版社","¥19.90","¥39.80"
"339.","人类起源的演化过程 金波、张抗抗推荐 快乐读书吧 爱阅读课程化丛","87195条评论","100%推荐","贾兰坡","民主与建设出版社","¥8.10","¥24.80"
"340.","钢铁是怎样炼成的（经典新读 中央编译出版社）","41055条评论","100%推荐","奥斯特洛夫斯基","中央编译出版社","¥6.70","¥34.80"
"341.","长青藤国际大奖小说书系：一只猫的使命","76987条评论","100%推荐","艾玛・考克斯","云南出版集团公司 晨光出版社","¥14.00","¥28.00"
"342.","悲惨世界(上下调（上中下）（经典新读，中央编译出版社）","40428条评论","100%推荐","维克多・雨果","中央编译出版社","¥36.30","¥98.00"
"343.","科幻世界・三体(一)","442290条评论","99.9%推荐","刘慈欣","重庆出版社","¥11.10","¥23.00"
"344.","屁屁侦探系列（套装共7册）","311838条评论","100%推荐","Troll","海豚出版社","¥61.40","¥115.00"
"345.","梅格时空大冒险・7~14岁儿童文学科幻经典（全5册）银河的裂缝 等","341907条评论","99.9%推荐","马德琳・英格","文汇出版社","¥108.40","¥216.80"
"346.","龙文鞭影（中华经典名著全本全注全译丛书-三全本）","13077条评论","100%推荐","乔天一","中华书局","¥20.00","¥40.00"
"347.","可爱过敏原：完结篇（人气作家稚楚温馨之作。随书附赠多重主题赠","12540条评论","100%推荐","稚楚","内蒙古文化出版社","¥26.40","¥52.80"
"348.","经典中医启蒙（一个中医眼中的生命、健康与生活，《儿童健康讲记","106499条评论","100%推荐","李辛","中医古籍出版社","¥40.80","¥68.00"
"349.","查拉图斯特拉如是说","30037条评论","100%推荐","尼采","万卷出版公司","¥34.95","¥69.90"
"350.","三国演义（上、下，全二册）（团购电话:400-1066666转6）","325478条评论","99.5%推荐","罗贯中","人民文学出版社","¥19.75","¥39.50"
"351.","生物神探很忙 学科启蒙漫画科普 探索生命之谜 精装版","3533条评论","100%推荐","刘全儒","北方妇女儿童出版社","¥13.30","¥45.00"
"352.","飘：珍藏纪念版（傅东华经典译本）","66271条评论","99.7%推荐","玛格丽特・米切尔","浙江文艺出版社","¥37.90","¥79.00"
"353.","神奇校车・桥梁书（点读笔礼盒版）（套装全20册）附赠1支点读笔，","17632条评论","100%推荐","乔安娜・柯尔","新世纪出版社","¥149.00","¥165.00"
"354.","我的第一套小故事大道理・办法总比困难多（王一梅、冰波、两色风","24816条评论","100%推荐","少军","万卷出版公司","¥12.50","¥25.00"
"355.","人生不怕从头再来","68971条评论","99.8%推荐","刘晓庆","长江文艺出版社","¥26.80","¥39.80"
"356.","如果历史是一群喵5-乱世三国篇","136344条评论","100%推荐","肥志","广东旅游出版社","¥29.90","¥59.80"
"357.","为你而名（全2册）【双亲签+印特+刷边+烫镭射银函套典藏版】崖生","7856条评论","100%推荐","崖生","北京燕山出版社","¥58.50","¥102.60"
"358.","历史上的百科全书 少年读典籍 呀！本草纲目","21710条评论","100%推荐","李时珍","文化发展出版社","¥16.00","¥68.00"
"359.","科学的历程（2023版，吴国盛教授经典作品）","27271条评论","100%推荐","吴国盛","湖南科技出版社","¥69.00","¥138.00"
"360.","置身事内：中国政府与经济发展（文津图书奖、新京报年度通识写作","344002条评论","100%推荐","兰小欢","上海人民出版社","¥32.50","¥65.00"
"361.","刘擎西方现代思想讲义（奇葩说导师、得到App主理人刘擎讲透西方思","204329条评论","100%推荐","刘擎","新星出版社","¥49.00","¥79.00"
"362.","如果历史是一群喵12・元末明初篇","174033条评论","100%推荐","肥志","广东旅游出版社","¥32.00","¥59.80"
"363.","小猪唏哩呼噜(注音版上下)","770295条评论","100%推荐","孙幼军","春风文艺出版社","¥21.70","¥40.00"
"364.","十万个为什么 快乐读书吧四年级下册推荐课外阅读青少版科普中小学","355724条评论","100%推荐","伊林","南方出版社","¥8.80","¥22.80"
"365.","（新版）100层的房子","171064条评论","99.8%推荐","岩井俊雄","北京科学技术出版社","¥19.50","¥39.00"
"366.","全球最美的100个地方 图说天下 国家地理","426435条评论","99.9%推荐","图书天下・国家地理","北京联合出版公司","¥8.90","¥19.90"
"367.","从零开始学写作：18套写作变现法则","101070条评论","100%推荐","杨晓菁","中国友谊出版公司","¥22.50","¥45.00"
"368.","亲密关系：通往灵魂的桥梁（新版）：赵露思在《偷偷藏不住》探究","907178条评论","100%推荐","克里斯多福・孟","湖南文艺出版社","¥22.50","¥45.00"
"369.","愿望的实现 全彩注音 小学二年级下册 快乐读书吧 推荐阅读（有声","85785条评论","100%推荐","泰戈尔","商务印书馆","¥7.40","¥21.80"
"370.","那个不为人知的故事 Twentine（无量渡口）BE美学代表作品","377324条评论","100%推荐","Twentine","四川文艺出版社","¥21.00","¥42.00"
"371.","庄子（中华经典名著全本全注全译丛书-三全本）","165863条评论","99.7%推荐","方勇","中华书局","¥22.50","¥45.00"
"372.","乡土中国（精装版 附赠书签）","382848条评论","100%推荐","费孝通","青岛出版社","¥10.30","¥28.00"
"373.","一切都在孤独里成全：叔本华的人生智慧（专享版）","10967条评论","100%推荐","叔本华","古吴轩出版社","¥20.10","¥42.00"
"374.","基层女性（“玲玲Peter和四只猫”作品，探讨关于爱、金钱与精神世","163504条评论","100%推荐","王慧玲","中国友谊出版公司","¥29.80","¥49.80"
"375.","悉达多（诺贝尔文学奖得主赫尔曼・黑塞的代表作，德文直译，原版","180727条评论","100%推荐","赫尔曼・黑塞","民主与建设出版社","¥13.90","¥49.80"
"376.","飘（上下） 世界名著典藏","208899条评论","99.9%推荐","米切尔","中央编译出版社","¥19.40","¥50.00"
"377.","哪吒闹海 彩图注音版 儿童文学 一二三年级课外阅读书世界经典文学","11016条评论","100%推荐","王广勇","北京教育出版社","¥7.20","¥25.80"
"378.","臣服实验（当当专享赠送设计师排版中英金句小册子）","105743条评论","100%推荐","迈克・A","南京大学出版社","¥35.40","¥59.00"
"379.","格林童话精选（插图版，语文教材“快乐读书吧”三年级上阅读；收","66204条评论","100%推荐","雅各布・格林","北京联合出版公司","¥6.50","¥18.00"
"380.","小刺猬理发百年百部精选注音书 本书收录了鲁兵的童话和童谣诗","55968条评论","100%推荐","鲁兵","长江少年儿童出版社","¥12.50","¥25.00"
"381.","手不是用来打人的（儿童好品德系列，全5册）孩子多读就见效的习惯","528184条评论","99.9%推荐","伊丽莎白・弗迪克","贵州教育出版社","¥49.50","¥99.00"
"382.","夜幕之下.3：深红夜幕","2378条评论","100%推荐","三九音域","北京联合出版有限公司","¥39.60","¥55.00"
"383.","也是冬天，也是春天：升级彩插版（收录迟子建最新散文力作及其经","126585条评论","100%推荐","迟子建","长江文艺出版社","¥29.90","¥49.80"
"384.","夜幕之下.4：红尘剑仙","2411条评论","100%推荐","三九音域","北京联合出版有限公司","¥39.60","¥55.00"
"385.","金刚经说什么（大陆正版授权南怀瑾系列）","136284条评论","100%推荐","南怀瑾","复旦大学出版社","¥23.10","¥42.00"
"386.","会说话的汉字（全3册，配备《亲子阅读指导手册》，入选一年级分级","88658条评论","100%推荐","梅子涵","青岛出版社","¥74.00","¥148.00"
"387.","经典常谈朱自清（八年级下《语文》推荐阅读丛书） 人民文学出版社","229779条评论","100%推荐","朱自清","人民文学出版社","¥11.30","¥20.00"
"388.","布鲁克林有棵树（与《小王子》《夏洛的网》《哈利・波特》《绿山","106831条评论","100%推荐","贝蒂・史密斯","中国致公出版社","¥19.90","¥79.90"
"389.","点点点（小黄和小蓝升级版）宝宝视觉锻炼 杜莱大师作品 0-2 3-6岁","203788条评论","100%推荐","埃尔维・杜莱","海豚出版社","¥24.90","¥49.80"
"390.","三个小小人识字分级阅读・第一级（全10册）绘本妈妈海桐推荐！读","7597条评论","100%推荐","郑利强","海豚出版社","¥71.90","¥150.00"
"391.","刻意练习：如何从新手到大师","507868条评论","100%推荐","安德斯・艾利克森","机械工业出版社","¥32.00","¥59.00"
"392.","他笑时风华正茂【印特签版+当当专享印制作者手写明信片】舒远","17016条评论","100%推荐","舒远","江苏凤凰文艺出版社","¥20.50","¥42.80"
"393.","米小圈上学记四年级（套装共4册）","399267条评论","100%推荐","北猫","四川少年儿童出版社","¥50.00","¥100.00"
"394.","企鹅旅馆系列（全3册：企鹅旅馆 猴子列车 熊猫面包店）想象力，思","645条评论","100%推荐","牛�D良太","新星出版社","¥46.00","¥78.00"
"395.","司马懿传：一部从隐士走向权臣的成事“愤斗史”，趣笔解读一代军","116条评论","100%推荐","李书飞","中国友谊出版公司","¥28.30","¥59.00"
"396.","地下室手记（罗翔老师推荐版本，荣登豆瓣2020年度读书经典类榜单","144804条评论","100%推荐","陀思妥耶夫斯基","浙江文艺出版社","¥19.90","¥39.80"
"397.","月亮的味道（精装）","432559条评论","99.8%推荐","麦克格雷涅茨","二十一世纪出版社","¥17.50","¥35.00"
"398.","人间信（麦家《人生海海》后长篇新作！命运不仅是承受，还要奋力","44865条评论","100%推荐","麦家","花城出版社","¥39.00","¥59.00"
"399.","恐龙闯进磨磨蹭蹭镇（送给有拖延症的你，帮你改掉磨磨蹭蹭的坏习","78093条评论","100%推荐","迟慧","天天出版社有限责任公司","¥12.50","¥25.00"
"400.","1分钟漫画人性 人间生存的醒脑指南 胜者成事的人性规矩为人处事说","474条评论","100%推荐","青蓝图书","民主与建设出版社","¥34.30","¥49.80"
"401.","李哪吒上学记（全5册）喜马拉雅播放量15亿+ 给孩子的爆笑校园成长","1719条评论","100%推荐","喜马拉雅儿童","湖南少年儿童出版社","¥62.50","¥125.00"
"402.","青铜葵花（曹文轩正版小说，小学生课外读物，当当定制版）","560804条评论","99.6%推荐","曹文轩","天天出版社有限责任公司","¥12.50","¥25.00"
"403.","沧浪之水（某瓣8.5分，入围茅盾文学奖。职场小白、考公人的启蒙之","261115条评论","99.9%推荐","阎真","北京十月文艺出版社","¥28.00","¥49.00"
"404.","细菌世界历险记：灰尘的旅行 小学四年级下册快乐读书吧课外阅读（","41773条评论","100%推荐","高士其","商务印书馆","¥10.10","¥29.80"
"405.","小拖拉机儿童情商启蒙绘本（全6册）双商培养绘本，手把手带孩子处","5058条评论","100%推荐","娜塔莉・昆塔特文","明天出版社","¥75.00","¥150.00"
"406.","灿烂千阳","87460条评论","100%推荐","卡勒德・胡赛尼","上海人民出版社","¥24.50","¥49.00"
"407.","三星堆博物馆 孩子一定要去的博物馆 图说天下精装版","10990条评论","100%推荐","图说天下","北京联合出版有限公司","¥14.80","¥50.00"
"408.","妈妈的情绪影响孩子的一生","135141条评论","100%推荐","蒋小芳","中国轻工业出版社","¥19.90","¥39.80"
"409.","实用程序育儿法(新版)","221874条评论","99.9%推荐","特蕾西・霍格","北京联合出版公司","¥20.10","¥42.00"
"410.","诗词动物城：漫画李白传 当当专享知识卡牌1套+李白人生大事记海报","7124条评论","100%推荐","我是小魔","中国友谊出版公司","¥29.80","¥49.80"
"411.","影响力（全新升级版）2021新版 “影响力教父”罗伯特・西奥迪尼新","385863条评论","100%推荐","罗伯特・西奥迪尼","北京联合出版有限公司","¥49.95","¥99.90"
"412.","漫画时间管理启蒙书","46936条评论","100%推荐","孙静","长江出版社","¥9.90","¥39.80"
"413.","强者破局：资治通鉴成事之道（《资治通鉴》管理智慧*冯唐成事学，","130184条评论","100%推荐","冯唐","民主与建设出版社","¥49.90","¥72.00"
"414.","哈利・波特与魔法石 (平装)（《语文》教材推荐阅读书目，外国儿童","439515条评论","99.9%推荐","J.K.罗琳","人民文学出版社","¥26.10","¥42.00"
"415.","家在小院里（人气博主厚闲的治愈系图文集，家有小院、抚慰身心的","41184条评论","100%推荐","厚闲","湖南美术出版社","¥34.50","¥69.00"
"416.","蚯蚓的日记（3-8岁） 信谊世界精选图画书","192135条评论","100%推荐","朵琳・克罗宁","明天出版社","¥21.40","¥42.80"
"417.","爸爸的声音  最好的胎教（汉竹）","259177条评论","99.9%推荐","汉竹","江苏科学技术出版社","¥19.90","¥39.80"
"418.","人类群星闪耀时（雷军亲荐版）","179209条评论","100%推荐","斯蒂芬・茨威格","江苏凤凰文艺出版社","¥24.50","¥49.00"
"419.","老人与海（俞敏洪王芳推荐版《老人与海》！连续7年稳居畅销榜！3","383304条评论","100%推荐","海明威","浙江文艺出版社","¥19.90","¥39.80"
"420.","大中华寻宝系列29 内蒙古寻宝记","73734条评论","100%推荐","京鼎动漫","二十一世纪出版社","¥19.90","¥39.80"
"421.","从零开始学钩针","18821条评论","100%推荐","日本靓丽出版社","河北科技出版社","¥14.00","¥28.00"
"422.","与岁长宁.下册.完结篇（超人气追光救赎古言《嫁反派》。新增未公","9967条评论","100%推荐","布丁琉璃","江苏凤凰文艺出版社","¥24.00","¥48.00"
"423.","0-3岁婴幼儿家庭早教游戏全书（凤凰生活）","52855条评论","100%推荐","童梅玲","江苏凤凰科学技术出版社","¥31.50","¥45.00"
"424.","像高手一样发言","31885条评论","100%推荐","久久","机械工业出版社","¥23.90","¥49.80"
"425.","蓝鹦鹉格鲁比科普故事（礼盒装全12册）适读年龄7-14岁 探索故事+","645条评论","100%推荐","亚特兰特・比利","文化发展出版社（原印刷工业出版社）","¥348.00","¥696.00"
"426.","小恐龙，大情绪 儿童心理自助漫画（5册）5岁+小学生情绪问题自助","7949条评论","100%推荐","斯瓦普娜・哈多","陕西人民教育出版社","¥39.90","¥68.00"
"427.","爷爷一定有办法（3-8岁）信谊世界精选图画书","213442条评论","100%推荐","菲比・吉尔曼","明天出版社","¥21.40","¥42.80"
"428.","黄帝内经（中华经典名著全本全注全译丛书・全2册）","46828条评论","99.9%推荐","姚春鹏","中华书局","¥52.00","¥104.00"
"429.","世界上最坏最坏的发明家（全5册）","145条评论","100%推荐","宋露露","电子工业出版社","¥49.50","¥99.00"
"430.","我胆小如鼠（《活着》《兄弟》《许三观卖血记》作者余华中短篇小","40076条评论","100%推荐","余华","作家出版社","¥16.00","¥25.00"
"431.","一个村庄里的中国:熊培云沉潜十年心血大作，从中国村庄读懂中国社","54568条评论","99.6%推荐","熊培云","新星出版社","¥22.50","¥45.00"
"432.","成长的觉醒：樊登2024年全新力作！复制樊登博士亲身验证的教育理","4087条评论","100%推荐","樊登","深圳报业集团出版社","¥49.00","¥69.00"
"433.","如果历史是一群喵2・春秋战国篇","113750条评论","100%推荐","肥志","广东旅游出版社","¥29.90","¥59.80"
"434.","桐花中路私立协济医院怪谈","18212条评论","100%推荐","南琅","广东旅游出版社","¥21.00","¥42.00"
"435.","大中华寻宝记 神兽图鉴","35941条评论","100%推荐","京鼎动漫","二十一世纪出版社","¥24.95","¥49.90"
"436.","遇见未知的自己：全新修订版","463487条评论","100%推荐","张德芬","湖南文艺出版社","¥26.00","¥52.00"
"437.","走遍世界 图说天下 寻梦之旅","328506条评论","100%推荐","王秀莉","四川人民出版社","¥23.90","¥29.90"
"438.","如果历史是一群喵4-东汉末年篇","120406条评论","100%推荐","肥志","广东旅游出版社","¥29.90","¥59.80"
"439.","乌合之众：群体心理研究（社会心理学领域扛鼎之作，一部讲透政治","328919条评论","100%推荐","古斯塔夫","中国友谊出版公司","¥19.90","¥39.80"
"440.","蛤蟆先生去看心理医生+被讨厌的勇气（2册）","8482条评论","100%推荐","罗伯特・戴博德","天津人民出版社","¥54.69","¥93.00"
"441.","马伯庸：食南之徒（24年长篇历史小说，豆瓣2024年度中国文学榜）","66780条评论","100%推荐","马伯庸","湖南文艺出版社","¥39.00","¥56.00"
"442.","我会上厕所：女孩版","43378条评论","100%推荐","艾丽莎・撒汀・卡普次里","北京联合出版公司","¥9.00","¥21.80"
"443.","天官赐福・伍 天官赐福5漫画第五册【扉页“花城”全新印签绘 +抽","12808条评论","100%推荐","墨香铜臭","中信出版社","¥46.80","¥59.80"
"444.","苏菲的世界（新版）八年级下册课外阅读乔斯坦贾德哲学入门书作家","51488条评论","100%推荐","乔斯坦・贾德","作家出版社","¥24.00","¥48.00"
"445.","孙子兵法（中华经典名著全本全注全译丛书-三全本）","144820条评论","100%推荐","陈曦","中华书局","¥13.00","¥26.00"
"446.","梦蝶庄生（网络原名：还剩三个月命请让我从容赴S）番茄9.8高分BE","9648条评论","100%推荐","高卧北","江苏凤凰文艺出版社","¥28.40","¥49.80"
"447.","中国传统节日故事 彩图注音版 儿童文学 一二三年级课外阅读书世界","12111条评论","100%推荐","张妍","北京教育出版社","¥7.20","¥25.80"
"448.","允许我流三滴泪（注音版第一季）―告状不如自己解决","30237条评论","100%推荐","赵静","河北少年儿童出版社","¥8.90","¥17.80"
"449.","假如给我三天光明（新版暖心美读书・名师导读版）","24061条评论","100%推荐","海伦・凯勒","长江文艺出版社","¥10.00","¥25.00"
"450.","一分钟破案 彩图版 逻辑思维推理训练 专注力训练游戏书 智力训练","13446条评论","100%推荐","姜巍","北京教育出版社","¥7.20","¥25.80"
"451.","活过（蔡澜自传，看蔡澜活成人间清醒的人生智慧 ）","10614条评论","100%推荐","蔡澜","湖南文艺出版社","¥48.00","¥52.00"
"452.","梅格时空大冒险：时间的折皱・纽伯瑞金奖（儿童文学家喻户晓、不","38012条评论","100%推荐","马德琳・英格","文汇出版社","¥17.40","¥34.80"
"453.","春日无尽（网络原名《投喂病弱男配》；暖萌系作者可乐姜汤GB向美","16599条评论","100%推荐","可乐姜汤","江苏凤凰文艺出版社","¥22.00","¥46.00"
"454.","小鸡球球触感玩具书全3册 点读版 叽叽叽你好0-3岁纸板书幼儿认知","4750条评论","100%推荐","作","新星出版社","¥80.30","¥195.00"
"455.","曾国藩传（张宏杰全新增补版：复盘曾国藩的人生路径及命运抉择。","239557条评论","100%推荐","张宏杰","民主与建设出版社","¥53.80","¥78.00"
"456.","今夜无神 季南一 原名《我说今夜无神 于是众神陨落》 百万收藏的","7121条评论","100%推荐","季南一","中国广播影视出版社","¥26.00","¥52.00"
"457.","围城","361655条评论","99.9%推荐","钱钟书","人民文学出版社","¥18.50","¥36.00"
"458.","如何找到想做的事","10811条评论","100%推荐","八木仁平","机械工业出版社","¥29.50","¥59.00"
"459.","思考，快与慢（团购电话400-106-6666转6）","369922条评论","99.8%推荐","丹尼尔・卡尼曼","中信出版社","¥51.80","¥69.00"
"460.","神奇点心店(17-20+设定集)（全5册，豆瓣评分9.6，，奇幻文学女王","3264条评论","100%推荐","广岛玲子","北京科学技术出版社","¥73.50","¥147.00"
"461.","聪明的投资者（原本第4版）（巴菲特一生的精神导师，股票投资圣经","180241条评论","99.9%推荐","本杰明・格雷厄姆","人民邮电出版社","¥45.80","¥68.00"
"462.","古汉语常用字字典（第6版）","132921条评论","100%推荐","蒋绍愚","商务印书馆","¥39.00","¥45.90"
"463.","营业悖论","2584条评论","100%推荐","稚楚","江苏凤凰文艺出版社","¥35.40","¥52.80"
"464.","课文作家作品系列 动物王国开大会 一年级下册 嵇鸿著（语文教材配","67161条评论","100%推荐","嵇鸿","人民教育出版社","¥9.50","¥21.00"
"465.","三毛流浪记（彩图注音读物）","695713条评论","99.9%推荐","张乐平","少年儿童出版社","¥19.10","¥38.00"
"466.","斗半匠小学生课本里的必背百科常识文学常识积累大全古今语文知识","3191条评论","100%推荐","斗半匠阅读研究中心","三环出版社","¥22.80","¥59.80"
"467.","跟着诗词去旅行 图说天下 寻梦之旅","404060条评论","100%推荐","郝娟菡","四川人民出版社","¥23.90","¥29.90"
"468.","生门 悬疑惊悚 无限流 附赠超值衍生烧脑剧本杀（四人本）","6897条评论","100%推荐","拟南芥","北京联合出版有限公司","¥22.50","¥45.00"
"469.","我和人间相爱一场【当当网亲签版+定制透卡】爱人的眼睛是第八大洋","4899条评论","100%推荐","春色几分闲","江苏凤凰文艺出版社","¥25.70","¥45.00"
"470.","小鸡球球触感玩具书叽叽叽你好！点读版纸板书触摸发声书翻翻书洞","20800条评论","100%推荐","作绘者","新星出版社","¥26.80","¥65.00"
"471.","怀孕一天一页（第二版）（汉竹）","140490条评论","100%推荐","马良坤","江苏科学技术出版社","¥24.90","¥49.80"
"472.","大中华寻宝记（5-8册）","46980条评论","100%推荐","京鼎动漫","二十一世纪出版社","¥79.60","¥159.20"
"473.","海蒂怀孕大百科（全新第5版，  百万育儿大V大J小D、年糕妈妈推荐","265261条评论","100%推荐","海蒂・麦考夫","南海出版公司","¥44.00","¥68.00"
"474.","边城（沈从文诞辰120周年纪念典藏版）精选沈从文代表性的小说25篇","416141条评论","99.9%推荐","沈从文","武汉出版社","¥17.50","¥35.00"
"475.","红楼梦 四大名著 高中语文“读整本书”推荐阅读 全本120回（足本","180361条评论","99.9%推荐","曹雪芹","商务印书馆","¥17.40","¥46.00"
"476.","时代广场的蟋蟀（注音版）","19489条评论","100%推荐","乔治・塞尔登","二十一世纪出版社","¥14.00","¥28.00"
"477.","德鲁克 卓有成效的管理者（55周年新译本）","201418条评论","100%推荐","彼得・德鲁克","机械工业出版社","¥43.00","¥79.00"
"478.","课文作家作品系列 枫树上的喜鹊 二年级下册 郭风著（语文教材配套","48633条评论","100%推荐","郭风","人民教育出版社","¥11.30","¥25.00"
"479.","显微镜下的大明（张若昀、王阳、戚薇、吴刚主演同名影视剧原著，","295166条评论","100%推荐","马伯庸","湖南文艺出版社","¥26.00","¥52.00"
"480.","冯雪科学减肥法（要减肥 先吃饱/每年帮上万人减肥成功的临床心法","17940条评论","100%推荐","冯雪","上海交通大学出版社","¥49.60","¥69.00"
"481.","如果历史是一群喵11・南宋金元篇","177159条评论","100%推荐","肥志","广东旅游出版社","¥29.90","¥59.80"
"482.","神奇的答案之书:解析版（畅销百万的《神奇的答案之书》解析版重推","24683条评论","100%推荐","张权","吉林美术出版社","¥19.60","¥58.00"
"483.","深度关系 一切美好都是深度关系的产物 武志红老师重磅新作","61737条评论","100%推荐","武志红","九州出版社","¥49.00","¥68.00"
"484.","《习近平新时代中国特色社会主义思想学习纲要（2023年版）》小字","条评论","0%推荐","中共中央宣传部","学习出版社","¥13.60","¥16.00"
"485.","培生幼儿英语预备级1+2辑点读版70册英语绘本儿童英语分级阅读百万","17580条评论","99.9%推荐","培生集团","新星出版社","¥126.00","¥306.00"
"486.","走遍中国 走遍世界 图说天下 套装共2册","266838条评论","100%推荐","霍晨昕","北京科学技术出版社","¥46.85","¥59.80"
"487.","牙齿大街的新鲜事（德国精选科学图画书  大开本新版）","69944条评论","100%推荐","安娜・鲁斯曼","清华大学出版社","¥22.50","¥45.00"
"488.","Vlog短视频创作从新手到高手","66125条评论","100%推荐","刘川","二十一世纪出版社","¥47.40","¥79.00"
"489.","毛毛 米切尔・恩德作品典藏","260847条评论","99.8%推荐","米切尔・恩德","北京联合出版有限公司","¥17.50","¥35.00"
"490.","医路向前巍子给中国人的救护指南","542199条评论","100%推荐","医路向前巍子","中信出版社","¥34.00","¥68.00"
"491.","崔玉涛育儿百科 百万册纪念版（附赠18个育儿秘籍）","268431条评论","100%推荐","崔玉涛","民主与建设出版社","¥97.70","¥178.00"
"492.","春雨杏花急急落，车马春山慢慢行（生活是美好的，人是有诗意的。","1281条评论","100%推荐","汪曾祺","新蕾出版社","¥26.00","¥52.00"
"493.","橘颂 俞敏洪力荐，茅奖得主张炜惊艳之作，写尽人生奥义，文学写作","68011条评论","100%推荐","张炜","广东旅游出版社","¥19.80","¥32.00"
"494.","如果历史是一群喵8・盛世大唐篇","146605条评论","100%推荐","肥志","新星出版社","¥29.90","¥59.80"
"495.","你好，安东医生（全4册，平装套装，缓解就医恐惧，小动物的欢乐就","147439条评论","100%推荐","西村敏雄","台海出版社","¥59.00","¥118.00"
"496.","趣说中国史・全新升级版","709条评论","100%推荐","刘喜涛","新星出版社","¥32.30","¥49.80"
"497.","培生幼儿英语预备级合辑+培生幼儿英语基础词汇合辑点读笔套装","条评论","0%推荐","培生集团","江苏凤凰文艺出版社","¥962.76","¥1,364.00"
"498.","一本关于你的书 我写了一本关于你的书 全彩精装","6784条评论","100%推荐","笑羽","广东旅游出版社","¥23.90","¥49.80"
"499.","如果历史是一群喵3・秦楚两汉篇","109802条评论","100%推荐","肥志","外语教学与研究出版社","¥29.90","¥59.80"
"500.","波西和皮普新4册赠同款名字贴套装(小小聪明豆系列绘本)0-4岁低幼","75741条评论","100%推荐","阿克塞尔・舍夫勒","","¥47.00","¥64.00"
